user_id,Sex,Name,Education,Address,Email,Income,Height_cm,Easy_Test_Score
1,M,Jeffrey Chavez,High School,"6986 Marisa Mount Apt. 832
Pittmanstad, BC N5N4T2",micheal15@example.net,95635.5,189.2,105.0
2,F,Kayla Long,High School,"70426 Annette Turnpike
Carriemouth, MB P6A6R6",johnmahoney@example.net,37402.65,162.8,95.8
3,F,Jennifer Johnson,High School,"48289 Rogers Burgs Suite 210
West Mark, BC S6X 2C3",cunninghamjohn@example.net,32987.53,175.6,94.8
4,F,Deborah Sheppard,Bachelor's,"3684 Smith Cliff
East Judith, SK G5E3X9",mark29@example.net,33620.47,166.1,66.9
5,F,Kimberly Lowery,Some College,"3327 Joseph Parks
Lake Pamela, SK L6Y6B7",ajohnston@example.org,36636.54,183.3,93.1
6,M,Keith Hall,Master's,"96349 Short Locks Apt. 982
South Robert, NL H4T 9N2",mcbridejoseph@example.org,65641.6,174.2,94.2
7,F,Heather Rosario,High School,"3206 Sanchez Flat
East Krystal, PE B2V 6Y7",taylorrodriguez@example.net,30148.26,166.1,81.6
8,M,James Watts,Master's,"021 Anderson Heights
Simmonschester, PE X1X 6P1",masseybrandi@example.com,73288.49,166.8,73.9
9,M,Justin Gill,Some College,"5735 Robert Street Apt. 969
Knightview, AB A1X 5P4",haneycaitlyn@example.org,60903.9,171.4,70.5
10,M,Ryan Melendez,High School,"8253 Rojas Estate Apt. 046
Jonesport, AB X1M 2A9",alvarezsandra@example.org,46330.32,165.2,99.1
11,F,Felicia Cox,Bachelor's,"9240 Ryan Circle Suite 402
Dennisfurt, NB N1B4N5",samanthanavarro@example.org,43043.07,197.6,85.1
12,F,Kimberly King,Bachelor's,"5552 Howard Prairie
New Gloria, SK E7S 9G9",zwright@example.com,38258.04,167.4,54.9
13,M,Stanley Mcintosh,Master's,"8148 Clements Crest Apt. 681
East Kristin, PE J6N6Y5",baxtershawn@example.org,46789.81,157.1,93.1
14,F,Colleen Manning,Some College,"695 Roach Burgs Suite 684
Lake Mike, NT S8X 6N1",martinezalison@example.com,77033.45,158.7,60.1
15,M,Larry Leonard,High School,"1113 Paul Coves
Port Wendy, MB B1R 4J9",nschroeder@example.net,54216.83,172.8,89.8
16,F,Patricia Allen,High School,"37963 Smith Shoal Apt. 899
North Roy, YT K7C3R3",karen63@example.net,58168.85,171.0,109.4
17,F,Deborah Patel,Some College,"67093 Davis Unions Suite 097
Millerfort, MB J5X5T9",kimberlyhess@example.net,60162.28,188.2,67.1
18,M,Erik Chan,Bachelor's,"828 Cardenas Drives Apt. 992
New Jeremymouth, SK M9X 1Y8",ymeyer@example.com,48331.83,170.2,29.9
19,F,Monica Marsh,PhD,"4034 Fox Skyway Apt. 870
New Alexanderfurt, NT L9B 9N6",williamsolivia@example.com,53448.51,166.8,86.8
20,M,Mark Clark,Some College,"3134 Bobby Fork
East Shawnhaven, PE G8B3L1",echambers@example.com,41009.48,167.5,39.9
21,M,Victor Galloway,Bachelor's,"6832 Laura Falls
West Nancyfurt, QC K2X4C9",rbennett@example.org,30402.15,176.3,97.4
22,F,Jill Zavala,Master's,"7501 Paul Highway Apt. 720
Simonfurt, PE A7M6R2",williammartinez@example.org,157407.41,171.0,86.4
23,F,Regina Miller,Master's,"1321 Charles Estate Apt. 337
Davidsonchester, AB M5V9K2",jrowe@example.com,39063.93,175.7,97.5
24,F,Robin Payne,High School,"489 Barber Walks
Scottmouth, NS G2Y2Y4",arthurmiles@example.net,138819.73,160.2,90.3
25,M,Jeffrey Sellers,Bachelor's,"43836 Joseph Inlet Suite 829
Richardside, BC X7A1G6",chasejessica@example.org,71571.39,178.2,69.2
26,F,Deborah Newman,High School,"0763 Samantha Junctions
Pricechester, NS T9Y2G9",kenneth51@example.org,118552.53,156.9,89.9
27,F,Megan Ruiz,Some College,"0136 Davis Flat Apt. 499
Hendersonside, NL N3B1E3",tcannon@example.net,39186.06,172.6,99.0
28,M,Robert Edwards,Some College,"3410 Ferguson Dam Suite 538
East Shawnfort, MB A2Y 2J8",barrettkevin@example.net,15488.71,173.0,63.2
29,M,David Reed,Bachelor's,"04148 Ortiz Stream
Veronicaview, PE E2E 6V6",sbird@example.org,51036.35,190.4,79.2
30,F,Tina Holt MD,High School,"499 Owens Springs
Harrisonport, NU H3N6T3",michaelvalentine@example.org,84715.01,186.5,60.8
31,F,Bethany Taylor,PhD,"750 Allen Manors Apt. 815
West Alison, NB M9P 9J5",mcclainapril@example.net,43266.41,174.1,65.4
32,M,Gregory Long,High School,"635 Robert Forges
Smithfurt, AB K6C6H3",jenniferowens@example.com,83046.99,172.9,52.4
33,F,April Martinez,Some College,"5160 Adams Squares Suite 012
South Alexandermouth, NL R3E9K3",eric40@example.net,74928.24,167.5,104.3
34,M,Alex Williams,Some College,"35920 Cruz Vista
Port Andrew, NB N2X1E6",benjaminrhonda@example.com,40022.62,171.4,85.8
35,M,Jorge Henry,High School,"6003 Hall Parks Suite 464
East Amy, AB R8M4V5",david85@example.com,18340.05,166.2,80.2
36,M,Robert Rice,Some College,"4936 Lambert Mountain Apt. 480
Port Patricialand, AB T3P 1M8",rjones@example.net,105500.61,177.9,85.8
37,F,Alexandra Jones,High School,"0001 Christopher Club Apt. 406
Josephborough, BC X9X8G3",gwendolyn50@example.com,22665.47,160.6,79.5
38,M,Thomas Morgan,Some College,"4900 Tanner Plaza
East Samanthaton, NS B5S 1G2",patriciaherrera@example.com,47150.47,159.9,100.4
39,M,Shawn Young,Bachelor's,"649 Sarah Mount
Solomonbury, QC Y7A 6G7",beckerjason@example.com,23586.49,144.7,109.3
40,M,Bryce Davis,Bachelor's,"278 Melissa Roads Suite 506
Haydenshire, ON R5T3L1",gabrielaroach@example.org,37964.98,172.5,112.6
41,F,Kimberly Allen,Some College,"23547 John Hill
Lake Kimberlyfurt, NB K7M 3B7",dcasey@example.org,51481.23,162.9,93.9
42,M,Joseph Pierce,High School,"2290 Brian Junctions Suite 571
Debrastad, MB A2S 7H2",angelasloan@example.com,28695.42,177.7,89.3
43,M,Malik Mayo,Some College,"8658 Miller Isle
Lake Ronald, NS A7E 3L1",ymorgan@example.com,34504.87,166.5,70.8
44,M,John Hawkins,Some College,"0545 Franklin Harbor
West Jasontown, BC T4X 6Y3",mcguirechristopher@example.net,75254.45,155.3,109.7
45,M,Jason Gomez,Bachelor's,"754 Alvarado Mountains Apt. 159
West Jacob, YT C5C1M4",kevin03@example.net,40889.9,160.5,64.0
46,F,Sarah Burns,Master's,"734 Lisa Terrace
Port Angelatown, NB N1P7Y9",jenniferpeterson@example.org,51126.09,162.2,76.4
47,M,Wesley Wilson,Some College,"9740 Karen Centers Apt. 666
East Nancy, AB M6A 9V5",pearsonmelissa@example.com,58693.22,171.9,72.9
48,F,Rachel Colon,Bachelor's,"094 Sanders Coves
East Emilytown, NB P9L1L3",christine18@example.net,123725.23,187.6,106.3
49,F,Kristy Hines,Some College,"9773 Ronald Estate
Michaelshire, MB H2G 4J4",jasminelopez@example.org,48579.2,158.6,105.4
50,F,Rachel Bowers,High School,"2980 Thomas Shore
Reyesmouth, BC G9P3S3",crawfordtiffany@example.net,62130.77,171.6,92.7
51,F,Ashley Sanchez,Some College,"68410 Wilson Grove
Grahamshire, MB B6P 9T1",elizabethperez@example.net,49595.75,158.7,98.2
52,M,Christopher Johnson,Some College,"407 Melissa Flats Apt. 567
Port Elizabethville, NU A1C 4Y4",matthewwagner@example.net,37471.09,202.6,56.4
53,F,Julia Stevens,Bachelor's,"1556 Martinez River
Port Scottville, NL T2Y8S4",solisevan@example.com,17638.13,184.0,79.2
54,F,Kimberly Dominguez,No High School,"51978 Justin Highway Apt. 101
Gilmorehaven, BC X2V 8T4",aaronrobinson@example.net,95174.87,160.3,79.5
55,F,Tonya Lopez,Bachelor's,"099 Eric Villages
Ericstad, NT N6K 7R9",paulgentry@example.org,27593.85,182.1,2.9
56,M,Andrew Baker,Bachelor's,"715 John Drives
Bergstad, AB N6V4R7",dwaynegutierrez@example.org,24123.79,196.8,98.6
57,M,Barry Hartman,Some College,"57097 Gary Street Suite 598
Mccartyside, AB N5V 9E9",nguyeneric@example.com,84344.04,169.9,64.6
58,M,Michael George,Bachelor's,"090 Dodson Common
Jenkinsburgh, NL G3S4E2",dwright@example.com,72210.21,172.1,97.1
59,M,Richard Lane,Some College,"1806 Karla Ferry
West Carrie, NU K7C 5R4",wdurham@example.org,41569.6,167.1,76.7
60,M,Michael Villanueva,Some College,"91720 Nelson Ville
Johnsonborough, NT A6R5A6",yualicia@example.net,60846.46,176.6,54.9
61,M,Brandon Crosby,High School,"11377 Mary Mountains
Parrishview, PE R1L4K2",cynthia59@example.net,57336.55,183.9,91.2
62,M,Eric Ashley,High School,"780 Courtney Freeway
New Wesleyfurt, NU R4P 2G5",michelebarr@example.com,30907.36,174.1,105.6
63,F,Heather Rodriguez,No High School,"224 Morrison Plains
West Lisa, NT V9X 9C9",xmorales@example.net,87272.33,183.9,87.5
64,F,Sarah Manning,Some College,"070 Troy Heights
Port Antonio, SK K5T2J8",hdavidson@example.net,43601.64,185.5,48.3
65,M,Gregory Grimes,High School,"1733 Thomas Via
Gambleshire, ON R3R 3H6",vincentcampbell@example.net,73553.24,160.9,81.0
66,M,Mark Adams,Bachelor's,"83536 Kevin Well Apt. 497
Port Melissastad, NU G9C9C3",thomastony@example.org,54201.28,163.5,106.8
67,M,Daniel Rosales,High School,"59952 Vargas Prairie
Bautistaland, ON X7S4E1",ngray@example.org,57140.99,170.6,79.2
68,F,Tina Wallace,High School,"193 Judith Lodge
Johnshire, BC A5J 3L4",kimberly20@example.com,35964.65,170.0,78.0
69,M,Evan Craig,Bachelor's,"28716 Karen Road Suite 117
Bruceview, QC A3V 2E2",tammy68@example.org,89411.65,178.4,96.7
70,M,John Johnson,Master's,"56696 Edwards Centers Suite 747
Phillipschester, NS Y1B 5C5",tmoore@example.net,25901.61,179.3,87.4
71,F,Kelly Mendez,High School,"675 Jake Plaza Suite 318
Lake Jenniferbury, NT E2V7H1",gibsonoscar@example.net,93238.3,180.6,91.8
72,F,Elizabeth Turner,Bachelor's,"96411 Brianna Shoal
New Tonyaside, NS Y4C 7X4",jacobclements@example.net,86672.64,171.0,60.3
73,M,Jay Jimenez,Bachelor's,"0688 Robin Route Apt. 092
Pattersonbury, YT M8K5R5",patriciapowell@example.net,58640.87,179.0,39.7
74,F,Kathy Palmer,Some College,"49308 Newman Shoal Apt. 403
Coleberg, ON T6M 5J6",drewdavis@example.org,45231.28,173.8,101.5
75,M,Alexander Lynch,Some College,"17733 Nicholas Groves
South Andrewfort, BC G8M7J8",feliciacox@example.com,57739.82,179.0,109.5
76,F,Savannah Sloan,Bachelor's,"9968 Carolyn Parkway Suite 266
New Christophermouth, YT J1Y 8E1",carteramy@example.com,26743.59,199.2,114.6
77,F,Linda Hanson,Some College,"0757 Robin Path Apt. 794
East Christopherchester, NB R9Y 7R6",richard90@example.net,44855.22,173.7,95.2
78,M,Justin Fleming,Some College,"751 Kenneth Corners Apt. 633
South Michaelfurt, MB Y5C7H7",fleblanc@example.net,72940.5,173.1,73.2
79,F,Amanda Austin,High School,"174 Stephanie Hollow
Port Gwendolyn, MB B3M4P6",pmeadows@example.net,49693.65,174.8,100.6
80,M,Blake Jenkins,High School,"713 Pace View Suite 014
North Meganbury, YT G7T1M8",loridavis@example.net,48345.06,189.1,110.5
81,M,Christopher Harper,Bachelor's,"001 Paul Crossing Apt. 528
Christophertown, NT G9S 3M4",aharrison@example.com,99359.45,197.0,47.8
82,F,Brenda Jones,Some College,"974 Edward Mills
Campbellburgh, SK Y2M1J8",idonaldson@example.org,32460.76,167.1,57.0
83,M,James Harmon,High School,"4054 Danielle Heights Apt. 481
Michelleburgh, NB J7A 4T9",ibaldwin@example.org,38367.54,162.5,84.0
84,F,Monica Dixon,Bachelor's,"944 Copeland Common Suite 315
South Kyle, QC R7G7G9",apierce@example.net,62479.68,167.8,48.7
85,F,Rachel Jenkins,Some College,"39155 Walters Lodge
New Wendy, ON B5J 9C2",patriciaparsons@example.com,56786.01,171.9,98.2
86,F,Ashley Williamson,Bachelor's,"32860 Morgan Bypass
Valdezbury, NT H6S 3M9",zhickman@example.org,17814.71,156.0,102.9
87,F,Kathleen Gonzales,High School,"965 Baird Harbor Suite 237
Weaverside, NB Y2G9N1",finleyamanda@example.com,75837.29,167.7,92.2
88,M,James Wagner,Some College,"56904 Patricia Underpass Apt. 620
Williamville, ON Y6L 9K2",dwayneschroeder@example.com,31708.92,180.6,105.1
89,F,Susan Stewart,Master's,"44947 Woodard Bridge Suite 270
East Thomas, NT P2C2K3",westsheila@example.com,124528.5,188.1,73.1
90,M,Casey Marquez,Some College,"3703 Farmer Lodge
Doughertyfurt, PE P8B9G1",john55@example.org,87529.62,168.2,59.7
91,F,Marie Garcia,High School,"2274 Henry Creek
Port Jacquelinebury, NL A5N 8X6",paul52@example.com,31694.74,178.5,102.4
92,F,Vanessa Howard,High School,"6227 Wilson Cape
Susanville, BC T3X3Y5",michael48@example.com,45657.2,177.5,33.2
93,M,Mario Miller,Master's,"278 Peterson Circle
Timothystad, NT T1T 9C3",castrojohn@example.org,125065.03,175.5,89.7
94,F,Maria Romero,Some College,"92536 Mcdaniel Shores Apt. 791
New Daniel, ON P8H 7X3",badams@example.net,29405.29,166.4,92.2
95,F,Pamela Parker,High School,"066 Barbara Village
North Rachelborough, NU P6G7R3",lopezcharles@example.org,64593.74,171.4,99.4
96,M,Thomas Brown,Bachelor's,"1985 Ramirez Lakes Suite 547
West Elizabethview, YT M6H2V3",meaganprice@example.org,90591.11,184.3,98.5
97,F,Katherine Allen,Bachelor's,"39489 Brittany Flat
Donaldfurt, YT N7X 2E7",lorettapacheco@example.net,60717.14,165.0,103.1
98,M,Adam Salas,High School,"20032 James Dam
Samuelfort, BC M6T 7X4",santiagojason@example.org,69588.91,177.4,96.8
99,F,Lori Spencer,Some College,"012 Brown Port Suite 817
North Jenniferside, BC C1M4T2",lhernandez@example.net,176623.78,177.5,96.3
100,F,Ashley Brown,Some College,"41122 Escobar Canyon Apt. 794
Maldonadostad, ON B9H5B2",lschmitt@example.net,69517.64,168.0,88.7
101,F,Cynthia Grimes,High School,"196 Sandra Islands Apt. 526
Richardtown, BC L6Y 7A4",taylorcynthia@example.com,41507.05,179.7,75.3
102,M,Jose Higgins,Some College,"918 Bennett Ways
West Sheila, ON N7C6J2",crystalmoore@example.com,22809.51,180.2,96.6
103,M,Cameron Long,High School,"585 Price Valley Suite 926
Port Jasonberg, QC B6A6Y8",ebowen@example.com,47483.16,156.6,91.2
104,F,Tonya Phillips,Bachelor's,"4933 Francis Motorway Apt. 121
South Justin, SK P3N 9R3",crystal36@example.org,43910.24,176.3,96.2
105,F,Meghan Reed,PhD,"828 Alicia Centers
North Dustinport, MB A4L 3C7",hollysullivan@example.org,59718.19,171.8,85.9
106,F,Emily Johnson,No High School,"301 Chan Coves
Morenoborough, NL V2J6K8",rebecca65@example.org,99606.68,158.7,104.0
107,M,Chad Rivera,PhD,"07231 Richard Streets Apt. 856
North Carla, PE L7M1R8",christopherpayne@example.com,63350.8,167.3,38.4
108,M,Dr. Randy Alvarado,High School,"52915 Brandi Canyon Suite 981
Douglashaven, NL X1M 5B5",wilsonkyle@example.org,70857.95,166.8,90.6
109,F,Jessica Gardner,Bachelor's,"9501 Hughes Crossroad Suite 960
Sabrinaside, NT L9R 9S8",mross@example.com,46785.82,170.9,94.3
110,F,Melanie Bell,Bachelor's,"5104 Boyd Skyway Suite 061
Lake Elizabethfort, NS C4A6A3",michaelharris@example.com,56240.81,159.1,81.1
111,M,Jeffery Gonzales,No High School,"659 Graham Harbor
North Erica, ON Y8T1S9",zanderson@example.org,26991.39,162.1,66.5
112,F,Monica Johnson,Bachelor's,"049 Amanda Valley
Timothyton, QC Y8V8M2",riverajessica@example.org,30132.49,154.3,98.5
113,M,Mr. Todd Santana,High School,"566 Blake River
Martinezhaven, BC C8K3Y4",adrian00@example.net,37883.83,169.6,103.0
114,M,Kevin Davis,High School,"03302 Lisa Neck Suite 906
Munozview, NL A4L4R3",benjamin51@example.org,62247.82,167.9,86.9
115,F,Nancy Brown,High School,"522 Audrey Via
Ramirezmouth, QC P7G7Y1",xgarcia@example.org,67318.55,175.9,40.1
116,F,Nicole Sloan DDS,Master's,"27427 Tanya Cliff Suite 213
West Tina, ON B5S 3J5",jenniferlee@example.com,92754.13,163.8,91.2
117,M,Thomas Holmes,Bachelor's,"368 Jeremy View Apt. 222
Port Kimberly, ON M6Y 2E4",stevevasquez@example.com,31030.48,176.3,95.8
118,M,Bryan Nielsen,Bachelor's,"318 Lewis Center Suite 416
East Erikaberg, PE T7L4S8",michael78@example.org,45457.16,170.5,75.8
119,F,Allison Snyder,Some College,"213 Jennifer Road
Lake Courtney, BC G3K9J8",jking@example.net,38213.85,171.2,96.6
120,F,Megan Schroeder,Some College,"343 Susan Wells
South Ronaldstad, NS B1J2X3",gbarker@example.net,113687.41,156.3,83.7
121,M,Paul Conway,Bachelor's,"908 Jones Wall
Joshuabury, NS J4G2N9",ipatel@example.com,50040.63,184.5,104.5
122,F,Maria Farrell,High School,"64626 Gray Mountains
New Katrina, AB N5A5C3",hmeyers@example.net,58339.0,160.5,94.6
123,M,Gregory Lee,High School,"307 Angela Lake
Reevesfort, NU C7L1Y1",hannahchang@example.net,43077.18,189.6,41.1
124,F,Stephanie Anderson,No High School,"4195 Murphy Oval Apt. 988
Johnsonstad, NT G4G 3L3",teresa20@example.com,34522.59,184.0,87.0
125,F,Miss Rebecca Cervantes,Some College,"69922 Watson Canyon Apt. 003
Williamside, ON T6X 6P5",xsanchez@example.net,57246.24,167.9,42.4
126,F,Maureen Fisher,PhD,"4831 Gomez Mill Suite 938
Molinafurt, MB K3R 2R7",hfisher@example.net,11231.54,157.7,95.3
127,F,Jennifer Sherman,High School,"1788 Stacey Brooks
Bruceland, AB S3V 7Y2",davidlewis@example.com,64158.78,186.7,92.6
128,F,Mrs. Krystal Norris,Master's,"1564 Larry Hollow
Michelleberg, PE T9S 2N5",grichards@example.com,167072.92,178.3,95.2
129,F,Debra Brown,High School,"047 Meghan Mills Apt. 147
North Daniellestad, BC H9J 4R4",carl33@example.org,62417.93,158.2,81.7
130,F,Cheryl Butler,High School,"005 Kevin Underpass
New Briannatown, BC T8E 4L7",earlburton@example.org,66740.17,194.1,102.2
131,M,Gregory Faulkner,High School,"69018 Stephanie Course
West Michael, MB C7M1P3",gonzalezjason@example.com,15347.26,167.4,96.9
132,M,Zachary Burton,Bachelor's,"93113 Ford Ramp Apt. 780
West Laurenland, NU Y3K 9R5",wwise@example.net,40752.95,174.8,98.3
133,F,Sara Kaiser,Bachelor's,"724 Jones Freeway
Reidburgh, QC V6E9G5",rbeasley@example.org,42127.51,169.4,94.1
134,M,John Brown,High School,"46214 Adam Walk
Ellenberg, NT B1P8L7",villanuevastephen@example.net,95831.11,173.5,94.7
135,M,Darren Henderson,Some College,"8820 Lozano Gateway
New Aaron, NS S2R 5E1",amandatucker@example.net,40896.58,166.2,26.7
136,M,Edward Wilson,Bachelor's,"537 Snyder Lane
Contrerasside, ON C1A 9S9",tomweeks@example.net,26047.23,172.2,84.7
137,M,Adam Ferguson,Master's,"9032 Knight Bridge Suite 209
Stephanieland, NU N6H 1J5",elizabethvaughn@example.com,79509.16,153.2,102.1
138,F,Kaitlin Richmond,High School,"1875 Johnson Plain Apt. 075
Brewerburgh, NT R8A 6R4",wwong@example.net,67737.97,168.9,76.6
139,F,Susan Nunez,High School,"7482 Clay Circles
West Larryfort, PE B4L3P1",angela38@example.com,39036.8,154.7,90.9
140,F,Erika Shepherd,Some College,"1585 Berg Port
New Katie, NS K1S 9N4",jenna06@example.net,120885.5,186.2,99.3
141,M,Steven Rodriguez,High School,"26775 Chelsea Circle
South Sarah, ON A6Y6T7",jenningschad@example.net,20866.88,187.5,71.8
142,F,Amber Robinson,Bachelor's,"1059 Pratt Heights Suite 639
Lisafort, BC E1H 4Y2",isaacbaldwin@example.net,160908.18,166.8,93.3
143,M,Joseph Salazar,Some College,"410 Sheila Manor Apt. 813
Hollandside, NU K3B 6C1",karen42@example.com,37727.67,154.7,89.3
144,M,Justin Williams,Bachelor's,"1352 James Turnpike Apt. 581
Port Joshua, YT L7C 8K9",oirwin@example.net,105788.7,166.7,70.7
145,M,John Davis,High School,"84126 Hobbs Path
Jameshaven, BC P8X 2H8",philip96@example.com,98047.93,186.9,95.3
146,M,Michael Fields,Master's,"016 Stewart Drive
Nicholshaven, NL T5K 6J3",fwilliams@example.com,34354.66,181.4,61.7
147,F,Hannah Tanner,Bachelor's,"5007 Anthony Loop Suite 842
Reedtown, AB Y3B2A2",zcastro@example.com,39235.76,154.1,85.3
148,F,Michelle Williams,Bachelor's,"1063 Kevin Flats Suite 938
Fletcherfort, NT C2V2C2",jordanbrian@example.com,33584.84,159.0,87.9
149,M,John Chandler,Some College,"43202 Mckenzie Inlet
East Emily, NL K2V4T4",brownjennifer@example.com,109963.15,163.3,84.3
150,M,Brandon Farrell,Master's,"7031 Miles Park
West Nicholas, MB G7L 4N2",susan84@example.com,48213.08,194.7,107.5
151,F,Jacqueline Garcia,Bachelor's,"4065 Tami Islands
East Michelleberg, SK Y4P 6L2",wardsarah@example.org,113170.04,151.5,104.3
152,F,Cassandra Johnson,Some College,"7894 Debbie Expressway Apt. 931
Codymouth, BC S9C 6S9",cbrandt@example.com,42253.23,174.8,106.7
153,M,Michael Burnett,PhD,"66274 Miller Springs Suite 320
Lake Jennifer, ON M5K5T9",sweeneyjoan@example.com,18824.67,174.8,68.0
154,M,Cameron Walker Jr.,Some College,"992 Deborah Mountain Apt. 693
Lake Scottview, PE P4J 2X5",wperry@example.com,39864.79,163.8,48.5
155,F,Michelle Lane,Some College,"89968 Johnson Island Apt. 654
Duranburgh, SK A9M 7J1",sawyerdarlene@example.org,23757.08,189.8,56.2
156,M,Raymond Singh,Some College,"0690 Jesus Gateway
South Johnside, NB H2J 9B2",michael84@example.com,45776.86,189.1,87.4
157,F,Jaime Davidson,Some College,"086 Danny Lane Apt. 107
North Karenborough, PE Y3B8N4",rossandrew@example.org,90067.35,172.6,63.2
158,F,Mrs. Samantha Hernandez MD,High School,"228 Castillo Valley
Lucasland, BC P9L 6P9",browncheryl@example.com,60425.18,167.3,108.0
159,M,Nicholas Anderson,High School,"946 Murphy Canyon Apt. 681
East Joshualand, SK X8V 4V1",russell62@example.org,67632.0,179.3,101.4
160,F,Breanna Stone,Bachelor's,"146 Briggs Parkways Apt. 241
Lisastad, BC N9C9H9",henrysutton@example.com,35079.95,163.1,113.9
161,F,Sarah Landry,High School,"4395 John Falls Apt. 342
New Carolynfort, NL V1M 3Y8",qsimpson@example.org,158346.08,172.6,77.7
162,F,Shirley Kelley,Bachelor's,"8211 Schmidt Islands
East Richard, QC P4R 1C7",robertyang@example.org,49753.37,168.2,93.4
163,F,Miss Lauren Johnson,Bachelor's,"5902 Silva Crossroad Suite 528
Jamieberg, NS T5A9H3",phelpstodd@example.com,83420.72,170.1,64.8
164,F,Linda Lane,No High School,"94535 Jeff Meadow Suite 255
South Jeffrey, BC Y8M9P5",ewingpatricia@example.net,52884.42,173.1,87.4
165,M,Charles Hall,High School,"6573 Gonzalez Wall Apt. 255
North Aaronport, NS M2G2G4",donovanmiranda@example.com,25411.21,160.5,98.0
166,M,Steven Mitchell,Master's,"0622 Nelson Locks Apt. 570
South Latoya, BC S4P3J9",medinachristian@example.org,42530.2,164.9,75.8
167,F,Renee Burns,Some College,"68192 Chase Square Apt. 462
Elliottfort, NL M2P 2C6",gkim@example.net,38519.53,144.9,91.9
168,M,Larry Ortiz,High School,"9168 Logan Ports
Shelbyfort, NS E8T 1T4",mark21@example.net,42100.15,162.9,81.2
169,M,Jerry White,Some College,"45184 Robert Junctions
Port Tiffany, YT J1A3V3",tbutler@example.org,47586.11,168.2,96.4
170,M,Richard Brennan,High School,"56130 Fritz Shore
East Alexa, MB K1X 1E2",charles18@example.org,44422.39,167.6,102.3
171,F,Jennifer Brooks,Some College,"2143 Elliott Harbors Apt. 773
Kathleentown, SK Y7R 7L6",kristensmith@example.com,34508.55,181.7,86.4
172,M,Steven Foster,Some College,"351 Anthony Radial Apt. 051
East Erikton, MB X3C6V3",colontraci@example.net,62072.58,172.4,91.1
173,M,Andrew Hines,Bachelor's,"5784 Hahn Union
Gregoryland, BC C4R 2C7",chelsea69@example.net,65236.88,166.7,83.4
174,M,John Garcia,Bachelor's,"962 Valencia Harbors
New Davidfurt, NU C6M1Y3",ryan47@example.org,18620.24,171.9,91.2
175,M,Matthew Watkins,Bachelor's,"544 Mahoney Court Suite 681
Port Kathy, NS A7P 4X4",stuartscott@example.net,52724.51,185.2,59.7
176,M,Mark Macdonald,Bachelor's,"485 Martin Centers Suite 926
East Deannamouth, BC X7E8L8",howardmichael@example.com,48738.78,167.1,103.8
177,M,Kenneth Hernandez,High School,"559 Mark Ranch Suite 902
Garnerview, NB E1M 8X9",jacobharper@example.net,59263.2,174.0,53.3
178,F,Caitlin Villarreal,Bachelor's,"175 Peterson Mews Suite 913
Helenmouth, SK K1C 3K5",butleranna@example.org,35615.33,174.2,97.1
179,F,Jennifer Love,Master's,"711 Fisher Gateway
Hectorstad, AB V7T 2R9",owood@example.org,45435.22,163.3,98.0
180,M,Tony Rivera,High School,"818 Reeves Trail Suite 693
East James, YT M1B8T3",morganashlee@example.org,39803.54,163.3,97.2
181,M,Daniel Novak,High School,"8719 Stephen Inlet Suite 031
East Michael, ON M9T7V2",hannahperry@example.net,135962.53,172.6,87.2
182,M,Christopher Suarez,Some College,"104 Renee Field
Paulastad, MB M4M 7E2",agriffin@example.com,45882.41,165.3,89.0
183,M,Matthew Sanchez,Bachelor's,"3335 Wagner Burg Suite 662
West Cynthia, BC T9B 7P6",nicolecasey@example.org,42086.31,171.1,94.1
184,M,Joseph Bradshaw,PhD,"3496 Blankenship Ports Suite 558
New Alexa, NT C2H 2T6",ashley47@example.net,35558.29,167.5,78.5
185,F,Heather Mosley,High School,"844 Delgado Extensions Suite 001
Bryantown, PE T1E 1P6",jerrybrennan@example.net,40953.19,159.1,88.6
186,M,Justin Perez,Some College,"3941 Oliver Wall
Atkinsberg, YT C9R 8P1",luke77@example.com,61021.03,182.2,78.9
187,F,Rachel Decker,Bachelor's,"50270 Kevin Inlet
Heatherport, NB V5T7H3",garzanicholas@example.org,32869.67,174.4,77.9
188,F,Rebecca Weaver,Some College,"51847 Mark Pass Suite 345
Brandonland, NU N8N 6M4",jackieharris@example.org,101124.19,170.5,89.2
189,F,Danielle Williams,High School,"399 Morrison Creek
East Joy, SK V5M4T4",johnsonrichard@example.com,55145.87,167.7,106.8
190,F,Stephanie Jackson,Some College,"5713 Mason Inlet
Meredithberg, QC L9V4K8",michelle70@example.org,78650.23,183.8,46.2
191,F,Morgan Swanson,High School,"8497 Park Vista Suite 446
Edwinshire, PE C6X 3M8",katelyn52@example.net,56952.13,164.7,97.4
192,F,Cheryl Ballard,Master's,"4229 Oscar Flats Apt. 825
Port Corey, NT Y2C 6H3",dustinsmith@example.net,30316.58,183.8,101.5
193,M,John Dunn,High School,"29370 Mcdaniel Hills Suite 807
East Sylviamouth, MB T5J2G6",andrewprice@example.net,186323.38,172.3,86.8
194,M,David Taylor,High School,"22521 Ellen Freeway Suite 665
Davistown, MB H2T 1L9",jeffreykim@example.org,43328.67,176.9,96.0
195,M,Jose Adkins,High School,"461 Davis Motorway
Kellyfurt, SK N9Y 4C4",amandarobinson@example.net,43113.93,174.0,84.2
196,M,Daniel Harper,High School,"735 Montoya Fall Apt. 588
East Gary, QC P4K3Y1",amandalee@example.com,81109.53,176.4,57.6
197,F,Dawn Howard,PhD,"181 Oneal Locks Suite 064
Johnsonburgh, AB H5M 5T5",imartinez@example.com,17146.62,181.0,47.8
198,M,Matthew Walker,Bachelor's,"36380 Courtney Extensions Apt. 824
Darrylfort, SK T2J5J7",garciayolanda@example.com,29218.53,185.8,50.7
199,F,Lisa Hale,Some College,"92054 Mary Green Suite 258
Hamiltonborough, ON H4C 1T8",markroberts@example.org,21231.93,171.8,109.6
200,M,Andrew Montes,Bachelor's,"171 Lewis Port
Port Paul, NB X2K9K1",johnsonconnie@example.com,51431.86,177.5,88.9
201,M,Jeremy Bradshaw,Bachelor's,"71053 Buchanan Mountains
Port Stephen, SK S1Y 2Y1",mullinserin@example.org,62930.84,160.1,96.3
202,F,Ashley Vargas,Some College,"981 Trujillo Run Apt. 832
East Anthony, YT X3R3C8",jasminmolina@example.org,39923.19,167.1,86.5
203,M,Terry Cooper,High School,"43038 Cooley Loop
Port Richard, PE G1B4P8",watsonchristopher@example.net,28796.43,179.1,93.5
204,M,Daniel Hubbard,Some College,"0248 Brittany Parkway
South Virginia, BC Y1P 9V9",brian87@example.org,31965.71,180.5,59.9
205,M,Zachary Robinson,High School,"2792 Katherine Spur Apt. 267
Garychester, AB P5B 9C3",christinajackson@example.net,49252.24,169.2,87.9
206,F,Kathleen James,High School,"9573 Mathew Corners Suite 664
Amandafurt, NU R1E2Y6",aaron79@example.org,46979.96,177.2,88.7
207,M,Randall Watkins,High School,"09934 Heather Alley Apt. 363
South Jonathanborough, NS E6H 6J3",bpace@example.com,45749.48,177.3,78.5
208,M,Jason Middleton,High School,"93960 Lucero Locks Suite 085
Jonesburgh, NL G1L5G6",hburnett@example.net,21645.11,160.1,53.2
209,M,Paul Miller,High School,"706 Joshua Flats Apt. 119
North Richard, PE S4R6A4",tiffany69@example.com,55601.47,160.3,59.5
210,M,Shawn Walker,Some College,"921 Zachary Run Suite 144
Drakefurt, NS T8B 9G2",crystal83@example.net,99228.56,171.5,62.5
211,M,Willie Parker,PhD,"22104 Andrea Pine
New Aaron, NU K4M1B3",georgeortega@example.com,55970.27,165.1,85.7
212,M,Bryan Holt,Some College,"395 Mitchell Trafficway
New Jonathan, NT T4E3S8",sjohnson@example.net,39019.39,180.8,99.5
213,M,Randy Valdez,Bachelor's,"8064 Barr Bypass
South Lindsayshire, YT M3Y 6E6",chelsea89@example.org,76725.38,183.2,88.5
214,F,Gina Knight,Bachelor's,"606 William Gardens Suite 229
Carterside, YT C2T 1P9",sherrysmith@example.org,115574.26,166.0,95.1
215,F,Dr. Vanessa Flores PhD,Some College,"056 Williams Meadow
East Jonathanmouth, QC S6G8M5",pedroparrish@example.net,69216.7,172.0,109.7
216,M,Richard Baker,No High School,"4511 Sandra Manor
Lake Jonathanbury, MB E5K9R2",chelsea37@example.org,47102.78,181.4,87.5
217,M,Bill Bryant,High School,"3755 Henderson View
Kellystad, QC M8T9A9",richardavila@example.com,101360.19,180.8,100.4
218,F,Kayla Campbell,Master's,"57855 Sean Glen
Lake Kimberly, NT T1K4X1",ybass@example.org,45607.04,186.9,54.6
219,F,Whitney Bishop,Bachelor's,"189 Kelly Trafficway Suite 509
Loriview, YT L8K6J1",maria42@example.org,47434.01,196.8,67.5
220,F,Maria Murphy,Some College,"851 Ralph Manor Apt. 380
Williamborough, AB N6A 4L2",webstersarah@example.org,81945.47,170.0,105.7
221,M,Seth Bryan,Master's,"7067 Lamb Burg Suite 476
Hernandezport, PE Y1G 2A8",jonathan65@example.com,49938.81,178.6,93.5
222,F,Nicole Johnson,Some College,"7453 Jeffery Junctions Suite 372
Port Williamberg, NS T6B1T9",pwagner@example.org,30322.1,158.6,92.0
223,M,Jordan Nolan,Master's,"443 Curtis Meadows
Lake Tamaraberg, NT S7N3E1",lewisveronica@example.org,52284.92,177.4,41.6
224,F,Nancy Phillips,Bachelor's,"44338 Xavier Glens
Palmerport, QC E7Y9J1",cindy74@example.com,38479.77,188.2,87.2
225,F,Gwendolyn Hancock,Some College,"0658 Gabriel Divide Suite 109
Hannahfurt, NB H5C 9R6",jblair@example.org,58008.45,158.3,94.7
226,M,Justin Gordon,Some College,"131 Robert Ford Apt. 435
Kaufmanchester, YT G2C 3K7",zschroeder@example.com,94029.16,178.6,78.7
227,M,Ryan Watson,PhD,"86417 Underwood Expressway
Jayborough, SK J9S4V3",theresaedwards@example.net,64911.37,168.8,50.6
228,M,Nicholas Jones,Some College,"3012 Brown Centers
Debraview, ON B8C2G2",khardin@example.org,82203.43,164.6,74.2
229,M,John Neal,Some College,"957 Holmes Lights
Chungbury, AB B8G 8T2",kellynelson@example.net,40664.55,194.2,104.5
230,M,Brandon Fowler,High School,"7336 Ashley Lane Suite 424
Riveraborough, NB K9L2E7",erobinson@example.org,58740.63,181.5,100.3
231,F,Lori Faulkner,Bachelor's,"382 Steven Shores
Rachelbury, SK S8M 3G2",haneybill@example.org,28890.36,171.6,68.4
232,F,Melissa Wilkins,No High School,"7211 Andre Common Suite 729
New Julieville, NL T9S 1A1",rpowell@example.net,18055.57,178.9,86.1
233,M,Samuel Simmons,High School,"85398 Floyd Freeway Apt. 157
West Brianna, NB A5B 4H7",gvasquez@example.com,20203.1,178.9,86.2
234,M,James Stevens,No High School,"831 Michelle Creek Apt. 838
Ashleyview, NS R6J 9B2",anthony46@example.net,41602.33,187.0,57.4
235,M,Clarence Hall,High School,"1358 Teresa Village
Ashleyview, MB N8Y4T6",bruce38@example.net,40905.26,171.9,1.5
236,F,Claire Andrews,High School,"0366 Sharon Branch Suite 812
Baldwinshire, NL S9R1P4",kingterrance@example.net,113386.06,173.6,73.4
237,F,Alexandra Mitchell,Some College,"36580 Tapia Coves
Mooremouth, YT X1R3A1",johnmoore@example.net,60841.69,165.1,105.1
238,M,Peter Nielsen,Master's,"8137 Duane Glen Suite 233
North Derrick, NB C3Y 1A6",cartergregory@example.com,35292.58,183.1,76.6
239,M,Anthony Barr,Master's,"8159 Jill Vista Suite 815
Lopezton, NL S7C 2T3",roy42@example.com,91003.66,187.2,70.9
240,M,Nicholas Powell,Bachelor's,"7845 Parsons Square
Josephbury, NU E7K7V6",emccormick@example.net,49488.03,170.4,83.7
241,F,Amber Chambers,PhD,"65277 Carrillo Flats
Beasleybury, QC S7S 7S8",coxmary@example.org,37174.37,183.3,77.5
242,F,Ariana Johnson,Some College,"1790 Cynthia Roads
Millerside, NU X5R 2N2",clarkjustin@example.com,72356.32,174.8,68.8
243,M,Joshua Skinner,Bachelor's,"260 Tucker Mission Suite 195
New Michealstad, YT A9Y 2T5",lross@example.com,155272.21,151.4,100.4
244,F,Caitlin French,Master's,"7169 Costa Island
Ariasfort, NL M6P4A6",bmonroe@example.net,53624.3,175.4,99.1
245,M,Donald Flores,Bachelor's,"851 Tina Creek Suite 886
Danielland, AB P9A 2B9",usimmons@example.net,106594.32,168.3,66.6
246,M,Michael Snyder,High School,"0843 Dale Well
Royburgh, BC V4M 6Y9",brucegordon@example.com,64167.36,174.7,64.7
247,M,Donald Scott,Some College,"36619 Elijah Burgs
East Lisatown, BC J8B7A4",mitchellangela@example.org,58271.01,173.2,105.8
248,F,Tina Juarez,Bachelor's,"464 Martin Coves
Gregoryburgh, AB T4K 7M3",bjohnson@example.com,45705.92,165.4,94.0
249,M,Travis Johnson,Bachelor's,"5603 Claire Lakes Apt. 012
South Juliahaven, NB M4M3C1",steven23@example.com,82434.42,160.5,81.3
250,F,Melissa Gilmore,Bachelor's,"425 Joseph Prairie Suite 463
Walkerland, MB J8Y2V8",amber42@example.net,63803.7,165.9,106.0
251,F,Jo Klein,Bachelor's,"8748 Jones Isle Suite 351
North Michelle, NT J9G7C6",audrey92@example.net,105820.75,191.5,88.9
252,M,Fred Kelley,Some College,"19244 Dustin Estate Apt. 620
Simmonstown, YT A1N 6X1",frylaura@example.net,88296.58,180.3,76.4
253,M,Victor Robinson,Bachelor's,"75703 Whitehead Avenue Suite 954
Schultzfurt, SK X9L 5P5",jacksondaniel@example.com,65108.34,179.9,95.7
254,M,Mark Sparks,Some College,"9912 Douglas Park
Stephanieport, ON J9M 9K2",jessicasanchez@example.com,49778.94,176.0,85.5
255,F,Diana Bolton,High School,"839 Alicia Stravenue Apt. 964
Taylorchester, QC T9Y 9J4",shoffman@example.net,85981.59,171.7,63.4
256,F,Angela Lopez,High School,"44628 Ruth Villages
Richardhaven, PE C3P 2R6",jeffrey36@example.org,24714.02,170.9,41.8
257,M,Raymond White,Some College,"835 Mcintyre River Suite 593
East Amy, BC L9T5M2",anthonytravis@example.net,111390.63,183.0,104.9
258,M,Matthew Peters,Some College,"1129 Nichols Motorway
East Katelyn, NS V6M2M9",lopezmichael@example.net,40769.2,174.7,103.4
259,M,Dustin Lang,Some College,"523 Wright Stravenue Suite 334
Lake Kayla, YT B2C4M6",ddavis@example.com,33760.89,194.2,93.5
260,M,Jerry Garcia,High School,"78690 Fisher Vista
Carneyton, BC J3S1P7",richardsonterry@example.org,46204.54,174.8,86.3
261,F,Nicole Simpson,Bachelor's,"89653 Barbara Valley Apt. 396
Meghanbury, NS R1V5A7",scottalexander@example.com,54079.22,182.1,96.9
262,M,Charles Friedman,High School,"44720 Wade Spur
Lake Johnton, MB E1H9S3",brandy48@example.org,65792.96,166.1,2.0
263,M,Michael Sweeney,Master's,"444 Mendoza Valleys
Port Stevenstad, QC P9K3H9",blairjames@example.org,32409.05,159.7,95.8
264,M,David Stevenson,Bachelor's,"9977 Chang Drives
North Yolanda, NL H4P3R7",gutierrezrebecca@example.org,16435.49,168.8,99.7
265,M,Dr. Eric Lopez,Bachelor's,"532 Brian Manors
Vazquezside, BC Y2X 7H7",brandygreen@example.org,22036.66,177.6,99.8
266,M,Jeffrey Adams,Master's,"9892 Copeland Common
Millershire, YT C8E 3S6",michael03@example.org,35562.31,181.1,45.1
267,F,Chelsea Smith,High School,"65486 Stevens Expressway
East Barbara, MB G3X 7A7",zoefitzgerald@example.org,102591.26,180.6,91.4
268,F,Jennifer White,High School,"6964 Andrade Wells
New Anne, YT K2A4L6",elizabethhuang@example.net,36569.64,166.6,92.0
269,F,Cassandra Morrison,Some College,"687 Wilson Trace
Kevinmouth, NU T9A 1T7",jason34@example.net,44678.87,178.1,84.5
270,F,Lisa Rios,Bachelor's,"930 Cunningham Ridges Apt. 689
Trujilloport, NU K1X8S8",ashley45@example.org,38509.05,190.8,98.0
271,M,Mario Turner,High School,"127 Stephanie Bypass Apt. 408
Oliviaview, MB B9C 9P9",emilycortez@example.com,61357.98,177.2,56.6
272,M,Justin Noble PhD,Bachelor's,"1980 Diane Field
West Sharonport, NU L3S 1K6",omar70@example.net,20579.35,155.7,88.6
273,M,Roy White,Some College,"54395 Allen Meadow
Lake Tracy, NS M4C 3B3",danielrivas@example.com,50282.76,179.6,64.1
274,M,Ricky Roberts,Some College,"72390 Williams Walks Apt. 206
South Michelle, NB B3R 6E7",heather33@example.com,17551.61,164.3,90.1
275,M,Anthony Parker,High School,"71999 Robert Row Apt. 661
Kevinchester, NT V4C9X1",lisamitchell@example.org,65512.18,190.2,97.2
276,F,Sharon Bishop,Master's,"1460 Thomas Mountain
East Dianaberg, NU H6V1J6",ejackson@example.net,42784.94,177.2,107.1
277,M,Jonathan Thomas,No High School,"7797 Stacey Harbors
West Brian, NS N5H 5Y9",piercelinda@example.com,52797.68,164.0,96.2
278,M,Joshua Moreno,High School,"69661 Duncan Tunnel Suite 110
Rossland, YT R7K8R1",russellrichard@example.net,66415.78,168.7,62.4
279,F,Jill Li,Bachelor's,"50409 Galvan Mall Suite 443
South Ashleytown, NU S1B 4G2",kaylatran@example.com,78563.0,167.9,92.0
280,F,Jennifer Melendez,High School,"63892 Phillips Parks Apt. 999
Port Steven, NT E7C7G5",williamschristine@example.com,31125.8,169.6,89.3
281,M,James Taylor,High School,"30662 Amy Parks
Lake Melissa, YT A9Y6P6",brooke73@example.com,33875.58,170.7,55.9
282,M,David Smith,High School,"17980 Phillip Plains
Davisport, ON L5P 8A8",robert08@example.net,50403.73,185.3,81.1
283,F,Allison Rogers,High School,"0623 Aaron Creek Apt. 435
Lake Scott, MB B4M 2V6",dbrown@example.com,63256.03,159.9,94.1
284,M,Eric Marquez,Bachelor's,"41858 Fox Port Apt. 158
New Heidishire, NB B3M 6T6",james44@example.net,28823.25,178.5,75.6
285,F,Andrea Williams,High School,"50329 Bauer Springs Suite 775
Donnaburgh, NS L8T 5S7",ktaylor@example.org,25063.46,163.7,97.3
286,F,Heather Miller,Some College,"57996 Mitchell Bridge
Espinozabury, BC E4L3Y1",virginia30@example.org,22723.72,175.3,94.1
287,F,Diana Harper,Bachelor's,"4525 Bradshaw Isle
Christinashire, NL C6M 4J9",kingdeanna@example.org,98226.94,161.8,87.4
288,M,Anthony Summers,High School,"84424 Mullins Pass Apt. 911
South Kennethside, YT P4S5V9",mkerr@example.com,36098.02,172.0,92.4
289,M,Matthew Rice,Bachelor's,"645 Herrera Junction
East Adamfort, AB N2H 1M6",gutierrezjoanna@example.net,40982.66,163.6,99.1
290,M,James Yang,High School,"344 Espinoza Canyon
West Matthewville, SK J7G 1N4",barry06@example.net,43823.11,169.5,28.2
291,F,Christina Ramirez,Some College,"65661 Dana Branch
Tonyaton, MB M6A 7K8",oguzman@example.org,21948.6,179.0,64.6
292,F,Erica Ramirez,Some College,"02276 Jacob Inlet
Lake Roberthaven, NB L5A 3M8",jdunn@example.com,50553.93,182.2,61.8
293,M,Michael Hernandez,Bachelor's,"944 William Alley
Tracychester, BC S2G 2E2",whernandez@example.net,69883.4,172.8,97.9
294,F,Courtney Mullins,High School,"23299 Jack Pass Suite 990
South Casey, NS N2X8N5",dianegreen@example.net,53895.69,174.1,65.8
295,M,Thomas Black,Bachelor's,"3830 Alexis Well
Warrenburgh, PE J7S2M1",kellyleslie@example.net,32190.42,169.4,97.3
296,F,Mrs. Elizabeth Duffy,Bachelor's,"9000 Glenn Fort Apt. 026
Port Joshuafort, QC Y9R 6V9",ilee@example.org,57051.42,181.0,105.0
297,M,Justin Walker,No High School,"62268 Joshua Views
South Brian, AB X3A 2N9",cynthiaperez@example.org,39247.24,162.1,105.7
298,M,Jonathan Turner,Master's,"892 Atkinson Pike
Brendastad, BC M1L7G1",natasha94@example.net,34898.04,165.7,70.0
299,F,Selena Ward,PhD,"115 Cody Walks Apt. 104
Lauramouth, NS H4V2M7",erik95@example.net,19163.06,147.9,24.5
300,M,Brandon Rivera,Bachelor's,"1501 Curry Key Suite 975
Westberg, QC X5X2L8",hbrown@example.net,73501.36,166.5,81.7
301,F,Kim Hall,Some College,"3753 Alison Green Apt. 896
Jeffreyberg, BC C5H 6B2",jgonzalez@example.net,44564.56,170.2,74.1
302,F,Melissa Taylor,No High School,"7096 Deanna Falls
Port Alyssabury, AB E9X3S6",darmstrong@example.org,38221.18,160.8,4.2
303,M,Michael Solis MD,Some College,"723 Hurley Mission
Krystalburgh, NT Y1B 4J1",mckayshane@example.com,52971.52,160.9,79.0
304,M,Raymond Figueroa,Some College,"1823 Lynch Run
Kramerview, NU H4G4X7",psmith@example.com,100131.93,160.8,86.8
305,F,Sheila Edwards,Some College,"5415 Jennings Branch Apt. 354
Port Adam, MB T4A1Y7",xday@example.org,58076.45,176.5,79.3
306,F,Sarah Sanchez,Some College,"86090 Schultz Ranch Suite 665
South Davidside, NS H6B 2B4",richardmartin@example.net,27457.0,191.3,109.7
307,M,Roger Shea,Master's,"02521 Watts Throughway Apt. 731
Perezfurt, NT P7T7S6",rowlandstephen@example.com,120133.52,171.5,99.5
308,F,Linda Bray,Some College,"88880 Melody Mountain
Vanessaburgh, NT L4P6P4",sarah36@example.net,117337.53,179.2,97.7
309,F,Jennifer Frederick,Some College,"1257 Michelle Cape
Port Michaelburgh, NS T2A 1T4",wbates@example.org,85408.6,177.8,105.5
310,M,Ralph Henderson,High School,"679 Nguyen Expressway
Andrewstad, BC X4X 2P4",cbullock@example.org,44242.39,175.9,55.6
311,M,Austin Lee,Bachelor's,"8996 Christopher Overpass
Mcleanton, ON Y8G3R7",racheldavidson@example.net,95356.52,164.1,105.6
312,F,April Vasquez,Bachelor's,"339 Smith Meadows
Garciachester, NT P8R 8B5",zcruz@example.com,83563.95,172.7,87.7
313,F,Krista Phillips,Some College,"89434 Michael Ridges Apt. 685
West Pamelaton, NU S4Y3A2",byrddavid@example.net,53427.56,172.4,93.4
314,F,Lisa Ortega,Some College,"07417 Jeffrey Station Suite 220
East Reneeside, NU R9X 3A7",laurahuff@example.org,75207.38,182.8,94.5
315,M,Patrick Wagner,Some College,"3000 Erica Haven Suite 035
Brookehaven, NT Y3K7C6",ncrawford@example.org,28285.91,177.2,102.2
316,F,Megan Robinson,No High School,"899 Hunter Greens Suite 518
Allisonton, SK N7X 3V8",nancy64@example.org,46544.16,161.9,82.3
317,M,Kevin Jimenez,PhD,"97684 Bautista Streets
Thomasland, ON P2A9R3",jeremy84@example.org,35165.44,174.8,95.3
318,F,Jennifer Barnes,Master's,"05338 Stephanie Dale Apt. 185
Palmertown, NU C3H3L1",alvinflynn@example.net,76407.87,165.8,112.0
319,F,Kelly Gardner,Some College,"21285 Smith Greens Apt. 759
West Kelseyfurt, NS J3P 1R6",ibutler@example.com,43363.61,161.2,84.7
320,M,Leonard Monroe,Master's,"3784 Barber Alley
West Justinport, NS V8A9T1",egutierrez@example.com,61327.23,170.8,92.6
321,F,Deborah Hernandez,Bachelor's,"22569 Martin Tunnel
Ewingville, SK S8A 9E4",patrick70@example.com,64566.67,165.1,96.7
322,F,Cindy Hart,High School,"33936 Monica Union
Danielbury, AB L4E 2J7",ekeller@example.com,33468.91,175.5,103.0
323,F,Casey Dyer,Some College,"887 Mcdaniel Mission Suite 538
West Michaelberg, PE X6N5S3",cheryl36@example.com,79899.23,151.5,23.8
324,M,Kenneth Sosa,High School,"28797 Charles Stravenue
East Laura, QC M9L1M2",daniel42@example.com,32872.95,193.6,101.1
325,F,Tammy Young,Master's,"849 Miller Meadow
Christinabury, AB L1J9B1",linda87@example.com,52745.58,167.0,66.5
326,M,Ian Williams,High School,"50546 Williams Ville Suite 721
Sonyachester, NT H2E 7E2",bradley40@example.org,34940.05,194.2,108.1
327,M,Christopher Carrillo,Master's,"3167 Le Burg Suite 552
Kathrynburgh, BC C7S 4Y4",osanchez@example.com,48569.9,172.0,84.5
328,F,Mary Nelson,Master's,"72957 Avila Locks
Port Sydney, NS M6R 6X7",juan36@example.net,38377.91,172.5,101.4
329,F,Monique Dickson,Bachelor's,"594 George Dam
East Chelsea, NL X5E5A8",chad26@example.net,21323.45,175.9,56.6
330,F,Cynthia Morris,Bachelor's,"523 Amber Mission Suite 264
Kimberlyport, MB N1E 5P7",gwu@example.com,40915.84,166.6,43.6
331,F,Nancy Baker,High School,"20021 Benson Dam
Fernandezland, BC K7R 1Y4",mackenzie63@example.net,21479.71,172.4,90.6
332,F,Dawn Welch,PhD,"963 Walters Squares Apt. 678
Port Thomas, BC T4X7K8",shortvictoria@example.org,57670.11,153.1,87.7
333,F,Debra Warren,Some College,"963 Reynolds Bridge
Rhodesland, ON G8H6X9",thodges@example.org,61297.85,163.2,101.6
334,M,Chris Taylor,PhD,"74321 Castro Parks Suite 951
Rowlandberg, YT Y3B 2T6",susan28@example.net,27953.33,188.2,96.1
335,F,Alicia Brown,High School,"096 Maria Ways
Christopherborough, NT K9A 7X3",monicayoung@example.net,97369.38,166.6,113.0
336,M,Matthew Rice,Some College,"660 Matthew Glens
Johnsonberg, NL J1G2P2",ngross@example.com,36020.69,181.8,51.4
337,F,Lynn Richardson,Some College,"7193 Stephen Valley
Brendaview, PE A1M 7G5",kimberly54@example.org,48211.38,169.4,91.6
338,F,Catherine Pierce,Bachelor's,"244 Joel Pass Suite 977
West Thomasland, NB L4J1M4",richardmassey@example.com,78465.22,163.8,95.2
339,F,Patricia Simmons,High School,"0717 Morse Orchard Apt. 396
Barrettton, QC G5N 4S5",cruzdominic@example.net,49026.88,146.5,83.7
340,F,Melissa Savage,High School,"073 Carolyn Centers Suite 780
North Jonathanview, NS E5K3M5",elizabeth29@example.net,57846.26,159.8,97.7
341,F,Cynthia Johnston,Bachelor's,"95925 Emily Burg Apt. 528
Stephenhaven, QC S7L 7B8",amandasanchez@example.com,67083.26,177.4,70.7
342,F,Jasmine Bryant,Some College,"531 Lisa Spurs
Johnton, QC J7X 3P4",jasonmartinez@example.net,68153.71,166.6,106.8
343,M,Christopher Gonzalez,Some College,"697 Hunt Flat Apt. 670
Hinesport, NT G1M8H7",ithomas@example.org,31672.18,164.0,96.1
344,F,Leslie Fitzgerald,Some College,"8884 Martin Fall Suite 781
New Amybury, PE M8S4Y5",jenniferjackson@example.org,36567.2,164.9,87.8
345,M,Jerome Carter,Some College,"97118 David Ports
New Ryanstad, ON A2N3C3",aprillawrence@example.com,30432.95,166.5,99.1
346,M,Matthew Spencer,High School,"1931 Smith Shoals Apt. 551
New Audreyland, NB L2B 3R8",matthewhernandez@example.net,89661.25,159.0,99.0
347,M,Alex Aguilar,High School,"5801 Emily Gardens Suite 705
Lake Lisashire, PE A6P 6R2",andrew54@example.com,14740.74,190.1,100.3
348,F,Tracey Grant,High School,"675 Luna Manor
South Jacob, NU H7A6X3",zharris@example.com,42538.03,170.5,106.7
349,F,Melissa Clark,High School,"6833 Diane Fork
New Brandon, AB G4P2L8",ericacampbell@example.com,104671.83,167.2,77.2
350,M,Juan Johnson,High School,"6761 Lane Bypass Suite 727
Lake Jennifer, MB H5G 2C9",crichardson@example.com,58806.89,170.5,66.4
351,F,Stephanie Wilson MD,Some College,"2033 Day Viaduct Apt. 983
Odonnellfurt, NT V5T 8R4",kellyjeremiah@example.com,24229.95,171.5,92.2
352,M,Brett Todd,No High School,"9008 Osborne Glens Suite 661
Elizabethberg, NU H9G3B8",xflores@example.net,43007.23,174.7,103.3
353,M,Ian Smith,High School,"937 Harper Street
West Lindaberg, SK R8S 1M7",ewallace@example.org,15585.1,195.4,95.1
354,M,Shawn Griffin,Bachelor's,"865 Jennifer Square
Port Valeriehaven, BC X8K5E1",angelahardin@example.org,39655.15,183.0,105.5
355,M,Timothy Wood,High School,"576 Brown Pass
Jameston, ON K1M 8X3",melissaweber@example.org,73439.31,166.1,69.4
356,F,Katherine Johnson,Some College,"226 Reyes Streets Apt. 541
Watkinsstad, BC E9E 1E7",rreeves@example.com,49422.88,159.7,106.5
357,M,Michael Wolf,Bachelor's,"68210 Ryan Fork Suite 730
Parkerview, NU Y4A7K1",qfisher@example.net,27147.13,162.2,74.6
358,F,Christina Ramsey,Some College,"45126 Allison Hill
Juliamouth, NS G3Y 9X9",martineugene@example.net,180131.39,176.3,96.4
359,M,Daniel Palmer Jr.,High School,"32350 Cline Cliffs Suite 040
North Michaelfort, NL M6S1M8",tsullivan@example.org,91619.33,170.4,83.2
360,F,Marcia Jennings,Some College,"1259 Hull Radial
Abigailborough, QC M4G7A4",seanrodriguez@example.org,48217.63,159.6,81.2
361,F,Ariana Randall,Master's,"2777 Barber Passage
Snyderbury, NL X4A 2V5",smithlauren@example.net,36396.23,175.9,102.9
362,M,Chris Hunter,High School,"2229 Paul Flats Suite 989
New Anthony, NS J5L5H5",powelljeffrey@example.net,72913.18,172.0,92.9
363,M,Douglas Thomas,No High School,"661 Byrd Ridge
New Randyborough, SK S7A2P7",james60@example.net,49983.63,186.4,92.4
364,M,Scott Beck,High School,"458 Michelle Crossing Suite 033
Port Alyssaberg, AB T7J2G1",hughesjonathan@example.net,23529.75,145.1,104.4
365,M,Jacob Martinez,PhD,"063 Erika Parkways Suite 331
Hillport, YT N2J3T9",erin94@example.com,62620.97,172.1,103.6
366,M,Jeffrey Duncan,Bachelor's,"39234 Mary Ville
New Loganmouth, AB Y4J9A2",halljennifer@example.com,24021.73,174.5,80.3
367,F,Catherine Velasquez,Master's,"9799 Snyder Islands
Lauraville, YT R7C7M5",erikalowery@example.com,66055.93,166.6,68.6
368,F,Susan Coleman,PhD,"2449 Owen Shores
Port Robertchester, NU M9V 6H5",gregory60@example.net,47440.93,154.1,93.7
369,F,Tamara Brown,Some College,"200 Matthew Lodge
Torresmouth, PE E6V4K6",fjones@example.net,21123.97,178.3,115.8
370,F,Rebecca Pratt,Master's,"8789 Schneider Radial Apt. 198
North Mary, ON L3H 2B5",joelfreeman@example.net,27296.69,184.2,107.1
371,M,William Underwood,Bachelor's,"163 Humphrey Row
Davistown, AB X8E1G1",steincharles@example.org,67114.99,171.3,94.8
372,F,Robin Bolton,High School,"521 Brittany Oval Suite 304
Lake Laurie, PE V1T 3C3",christopheresparza@example.org,118332.15,172.5,90.0
373,M,Alan Thompson,Bachelor's,"36477 Duncan Stream
North Robertmouth, NS N9A8S2",angela93@example.com,20180.61,167.1,65.8
374,M,Carlos Anderson,High School,"59694 Smith Inlet Suite 509
Lake Johnfort, SK V4G2A5",michaelkline@example.net,99904.38,166.8,104.3
375,M,Anthony Moore,No High School,"117 Walker Station
Whitneyside, NB H1P 8N3",dianabrown@example.net,82548.87,160.4,97.1
376,F,Alyssa Carney,High School,"488 Alice Inlet
Port Tara, NB N7S5J1",alyssaparker@example.org,47289.84,185.6,99.7
377,M,Michael Simmons,High School,"49129 Jennifer Crossing Suite 124
Port Samanthaport, ON C9T 9G6",walkerann@example.net,107663.77,180.2,103.8
378,M,Arthur Randolph,High School,"915 Hernandez Row
New Michele, MB P8N 1H2",joan72@example.org,67880.87,162.6,78.9
379,M,Derek Lynn,High School,"857 Robert Square Suite 422
Michaelburgh, NL K9H 9S6",xsmith@example.com,75660.72,181.6,101.6
380,M,Steven Thompson,Some College,"86317 Melissa Pine
West Deniseborough, BC B3G9X2",lucas34@example.net,59178.73,179.4,99.1
381,M,Eric Kim,High School,"1864 Clements Grove
East Scott, NB B6L2Y7",isabel04@example.com,45490.36,161.2,106.9
382,F,Shirley Williams,Some College,"630 Nelson View Suite 416
South Davidside, AB X6Y6K2",rogersryan@example.com,33088.0,186.1,59.2
383,M,Matthew King,High School,"28976 Gonzalez Wells Apt. 895
Lake Tamara, ON R5T6A3",ibaker@example.com,27043.28,168.0,99.8
384,F,Kelly Sparks,Bachelor's,"3437 Adams Ports Apt. 549
Lake Sandyport, SK X2Y 4H5",crivera@example.org,49370.97,184.1,85.2
385,M,Manuel Patel,Bachelor's,"12113 Mills River Suite 236
Port Veronicashire, MB S9C4E1",laura37@example.com,40988.81,169.2,33.0
386,M,David Green,High School,"5280 Lori Land Apt. 712
Rachelmouth, NB X2K3C2",mcdonaldelizabeth@example.com,56841.93,164.0,64.5
387,F,Nicole Williams,High School,"056 Conrad Turnpike
Port Rachelfort, NB B7X 1S6",xparrish@example.com,100499.49,167.7,92.4
388,M,Jason Jones,High School,"18070 Terry Ridges
Kimberg, NB M4S 1T2",nicholasfletcher@example.com,96459.98,173.8,101.3
389,M,David Steele,No High School,"5853 Estrada Inlet Apt. 025
Fitzpatrickfurt, ON M7G 1H7",fletcherjoshua@example.net,37919.28,188.1,92.0
390,F,Linda Stafford,Bachelor's,"95228 Karen Stravenue
South Michellefort, AB R9V1P4",dorseyryan@example.org,117857.04,182.8,80.2
391,M,George Scott,High School,"15429 Jennifer Locks Suite 325
New Tiffany, QC K6G 7Y3",jeremy51@example.net,70335.23,174.6,93.4
392,M,Jimmy Olson,Master's,"017 Robin Dam Suite 660
East Jeffrey, NS L2N2E3",ltucker@example.net,55555.92,170.1,88.7
393,M,James Johnson,High School,"685 Pruitt Ports Suite 271
Michaelmouth, QC S3A3J2",christinawilliams@example.org,40780.5,188.8,91.5
394,F,Amanda Cuevas,Master's,"00589 Wyatt Flat Suite 185
Ramosport, AB X7K6J8",erichull@example.org,82801.01,161.0,108.9
395,M,Donald Blanchard,Master's,"91962 Thomas Isle Apt. 493
Hortonport, ON K4K7G1",philipross@example.net,32747.48,151.4,89.5
396,F,Tina Harvey,Bachelor's,"00384 Garcia Place Suite 843
Peterschester, YT R5S7H7",gdalton@example.org,37575.21,178.8,81.6
397,M,Kevin Campbell,Some College,"63222 Jennifer Inlet
Hernandezview, NB S6V4V5",iwade@example.com,61299.56,164.0,82.8
398,F,Mrs. Deborah Li,No High School,"303 Solis Drives
Ericshire, QC S1E7A3",hardysusan@example.net,67102.08,176.6,92.7
399,F,Susan Duffy,High School,"38253 Ray Spurs Apt. 468
Huertachester, NL R5H6M4",pjones@example.com,62905.46,176.2,91.5
400,F,Ann Olson,Some College,"33520 Moss Island
Laurieview, NT C8B 2G2",douglaslane@example.org,45840.94,161.0,73.9
401,M,Michael Jacobs,Some College,"4262 Brittany Brook
Wangberg, NT P6V 4K6",reginaldcole@example.org,67296.88,188.7,94.8
402,F,Elizabeth Griffin,Some College,"306 Justin Centers Apt. 785
Patrickmouth, NT P9J 5P2",davidsmith@example.org,50628.17,183.7,91.4
403,M,Derek Griffith,Some College,"00849 Cannon Fork
Edwardsland, NL E1L 5M3",weaverkaitlyn@example.com,21461.44,163.6,28.3
404,M,Philip Moore,Some College,"7439 Victor Throughway
Steventon, AB H6H 2B3",robertjenkins@example.org,88770.83,175.5,85.4
405,M,Eric Colon,Bachelor's,"275 Kenneth Valleys Apt. 742
Lake Sarahberg, AB N1E 3R7",danielbonilla@example.org,22691.38,156.8,98.0
406,M,Shawn Arias,Master's,"37105 Brenda Crest Apt. 015
Port Alexis, YT E7S 4B6",morganvasquez@example.com,65479.72,157.3,96.2
407,F,Rebecca Gallegos,Bachelor's,"4101 Jeffery Drives
South Maryton, AB V9J 4S6",burgessamy@example.com,23561.72,168.8,74.4
408,M,Andrew Hill,Some College,"806 Stephanie Mountain
Port Christinaton, MB H4C 6H6",matthewmarshall@example.com,50963.35,182.2,102.6
409,F,Ashley Moreno,Bachelor's,"58674 Benjamin Causeway Suite 789
Kimberlyhaven, NS C1S 6V5",williamsmegan@example.org,36516.16,175.3,77.1
410,F,Molly Goodwin,High School,"57138 Steven Creek Apt. 417
Contrerasfurt, AB M6V3K3",florestheresa@example.com,37543.42,172.2,80.0
411,M,James Adams,High School,"245 Reyes Mountains Apt. 776
Davidville, QC Y4A2X8",eglover@example.net,17805.37,155.7,109.4
412,M,Michael Andrade,No High School,"2554 Jessica Plains Apt. 201
Hallview, SK G9P 9A4",brownsarah@example.net,53133.43,152.4,113.6
413,M,Joseph Cortez,Some College,"469 Smith Courts
Lake Courtney, NB R4J 8K8",fwilson@example.com,73265.53,166.9,64.2
414,M,Scott Soto,No High School,"2824 Sherry Grove Apt. 638
Johnland, AB X4V8C7",fperry@example.net,41754.78,186.0,97.3
415,M,Sean Evans,Bachelor's,"68619 Timothy Passage Apt. 745
Donnahaven, MB K2L 5G8",kpierce@example.net,98617.22,173.4,89.8
416,M,Kevin Rivera,High School,"4479 Thomas Camp Apt. 295
East Christopher, ON P7N8A7",stevenscarol@example.org,193388.36,179.2,83.2
417,M,Michael Vaughn,Some College,"9890 Lorraine Terrace Suite 271
Shawnport, AB X7T3G6",ricardo31@example.com,52170.74,166.2,84.1
418,F,Rachel Hale,Master's,"62557 Lamb Route
Michaelmouth, QC J3R7Y6",rhernandez@example.net,41638.42,162.8,90.0
419,M,Ronald Taylor,Bachelor's,"30334 Berry Union
Lake Jacquelinefurt, ON S2N 5Y9",lisaanderson@example.org,59488.42,164.7,80.2
420,M,William Marshall,High School,"22878 Curtis Ramp Apt. 587
Port Patriciaview, SK Y2K 8K3",xjones@example.org,26982.96,169.6,83.9
421,M,Steven Davis,High School,"9777 Matthew Brooks Apt. 083
Markmouth, NB L1B 3E4",cwatson@example.net,104098.44,180.6,92.3
422,F,Jennifer Patton,Bachelor's,"3236 Clark Expressway Suite 832
East Leslie, BC N7T 3J4",jackson79@example.com,56496.62,158.7,106.6
423,M,Christian Caldwell,Bachelor's,"06194 Vincent Lakes Suite 518
Charlesfort, NT A1K 9C3",cbrown@example.com,42706.2,160.0,106.2
424,F,Jody Lewis,Master's,"10271 Barrera Ferry Suite 765
Johnsontown, SK B7K 2M2",briandaniels@example.com,52917.07,168.7,56.0
425,F,Janet Lee,Some College,"71920 Dawn Turnpike
New Kenneth, SK L4J6B4",jillianbrown@example.net,33119.12,164.0,90.7
426,F,Lori Crawford,High School,"52205 Kenneth Ramp Apt. 444
East Beverlyberg, MB N8L6V7",parkslinda@example.org,31671.51,171.7,98.7
427,M,Frank Lee,Bachelor's,"630 Jodi Stream Apt. 884
Lake Davidfurt, NT B4L 2G8",lynchjoseph@example.net,64784.07,191.9,93.4
428,F,Kristi Long,High School,"9910 Luis Stravenue
Michaelside, PE N6Y 9J6",owhite@example.com,32879.65,167.3,64.6
429,M,Brian Gonzalez,High School,"9204 Lewis Trail
New Maryton, AB A1E7P7",garciaryan@example.org,78517.97,166.7,51.8
430,M,Joel Cain,Some College,"091 Brian Skyway Suite 566
Port Scott, PE V8X6V4",michaelgillespie@example.org,23266.9,165.7,95.3
431,F,Shannon Foster,Some College,"806 Velez Ville Apt. 230
Lake Adrianborough, YT A2Y 8B5",joshua93@example.com,42639.32,176.0,56.1
432,F,Mrs. Brittney Kelly,Bachelor's,"7485 Barnes Fork
South Eric, YT Y4J 3L1",timothy10@example.org,57060.58,167.5,96.5
433,M,Richard Patel,Some College,"04262 Chase Radial Suite 662
Gonzalezfurt, NL M8H 8R9",nicholasrichardson@example.net,85526.61,181.2,97.3
434,M,Charles Williams,Master's,"1840 Hensley Ferry
Mirandaland, YT J4T4J7",josephnicholas@example.com,39870.96,164.1,96.2
435,M,Andrew Anderson,Some College,"1741 Anderson Hill Apt. 693
North Timothy, MB E2E 2B3",kathryn64@example.org,23555.69,163.1,75.1
436,F,Amber Lyons,Master's,"10907 Cameron Road Apt. 425
East David, NU E2B 7C8",jrivera@example.net,117419.0,166.5,93.0
437,F,Sonya Hunter,High School,"74406 William Orchard Suite 802
Jonathanfort, NS T5J 2N6",anitagarner@example.com,16032.95,177.7,90.2
438,M,Andre Cooper,Master's,"79985 Allen Parkway Suite 134
Smithfurt, NS M3N6M8",williamsmartin@example.net,61144.11,167.9,61.4
439,M,Jason Cain,High School,"2281 Thomas Meadows
North Jenniferstad, NS C1H 8V9",victoriaharper@example.com,19159.19,177.9,89.1
440,M,Charles Yates,Bachelor's,"01046 Bryan Station Suite 498
South Carla, NS S6G 6C5",jonesterri@example.org,16052.83,155.1,106.5
441,M,Zachary Moore,High School,"51971 Schwartz Summit Suite 714
West Sara, YT K5P6G8",manderson@example.net,54718.7,175.9,104.9
442,F,Jessica Anderson,Bachelor's,"7169 Johnson Streets Suite 759
North Staceyport, ON R6C6N6",johndawson@example.org,45644.96,171.4,47.1
443,F,Stephanie Martinez,Master's,"643 Sean Trail
New Christina, PE N7E9R1",michaelaking@example.com,88888.63,172.9,100.7
444,M,Alexander Perkins,High School,"865 Marissa Square Suite 379
Lozanofort, MB V3V8A2",melaniemartinez@example.com,100685.79,173.5,75.1
445,M,Ronald Ramirez,Some College,"6656 Javier Park Suite 442
Lake Adrianmouth, NB L5N6H3",john75@example.net,102804.13,181.2,111.7
446,M,Eric Bishop,High School,"6781 Phillip Stream Apt. 508
Meaganton, BC B1M3R5",jonathan56@example.org,44457.6,173.4,95.3
447,F,Erica Garcia,Master's,"61882 Scott Crest Suite 826
West Alfred, NT R7B6P8",ocooper@example.net,52031.57,155.8,76.1
448,F,Renee Hopkins,High School,"712 Carly Manor Apt. 901
New Marissa, AB E8X2P7",ablack@example.com,66284.08,142.0,104.8
449,F,Susan Jensen,Bachelor's,"5766 Jonathan Plaza Apt. 947
South Austinburgh, AB T1V 2P1",stanleydevin@example.com,66062.18,168.7,88.3
450,F,Chelsea Sparks,Bachelor's,"76314 Darlene Village
Jasonport, QC H4V6P1",singletonbethany@example.net,33239.49,171.5,98.5
451,F,Samantha Welch,High School,"691 Cortez Village Apt. 358
South Christina, NT R8G5T3",paynethomas@example.com,32497.87,153.8,92.0
452,M,Jackson Schultz,Bachelor's,"8344 Mason Centers
Lake Aaron, QC N8G7K9",ehall@example.org,39368.52,169.0,62.8
453,F,Ashley Scott,Bachelor's,"44884 Sarah Knoll
Hansonport, AB J3V9A5",charles99@example.com,76091.66,171.9,76.2
454,F,Holly Smith,Some College,"393 Richardson River Apt. 946
Wardfort, NT A3S 7C6",westeduardo@example.org,80616.24,171.9,92.5
455,M,Craig Woodard,Bachelor's,"640 Michael Plains
Port Amanda, NT L8A 7R9",bishoprachel@example.com,51547.87,179.9,108.6
456,F,Shelly Beck,Some College,"123 Gary Walk
Howardmouth, MB R5E9K5",hessteresa@example.net,23398.26,164.1,91.2
457,F,Rebecca Romero,High School,"575 Priscilla Glen
East Paulville, NT M4H9K7",heatherewing@example.com,38992.32,180.6,102.2
458,F,Erin West,No High School,"485 Harris Manor
Lewismouth, AB B4V 8J2",wilsonjames@example.org,51215.84,174.7,87.1
459,M,Jon Jackson,Master's,"6855 Mark Viaduct Suite 039
South Laurenbury, QC R4G 2X1",santosian@example.org,82761.32,174.9,86.0
460,F,Jennifer Rich,Bachelor's,"6161 Stefanie Turnpike Apt. 121
New Susan, NU V5N3J9",dcurtis@example.com,82171.1,170.6,37.5
461,F,Julie Wood,Bachelor's,"0713 Laura Knolls Apt. 342
Jamesfurt, NL M1B 1J2",stephenspaul@example.net,46478.85,166.9,98.6
462,M,Matthew Spencer,PhD,"501 Samuel Walk Apt. 104
Teresafort, NU C6X 6V7",ipetersen@example.org,100367.95,162.8,92.9
463,F,Jennifer Burgess,Some College,"069 Huerta Vista
Valenzuelaburgh, NU G8R8M5",lesliebaker@example.org,29035.33,172.6,89.8
464,F,Elizabeth Sanchez,Some College,"96102 Michelle Gardens Suite 909
Lake Jeremy, ON T6C 9M8",donaldcook@example.org,38403.61,173.2,86.1
465,M,Robert Davis,Bachelor's,"47699 Jackson Bridge
Lake Bradleyview, QC R4L5L1",amanda91@example.net,64716.7,175.5,96.7
466,F,Miss Lauren Jimenez MD,Bachelor's,"2425 Danielle Green
Spearsport, QC S6B5Y6",andrewmanning@example.com,51878.19,153.5,98.5
467,M,Gary Willis,High School,"9491 Elizabeth Road Suite 631
West Deanna, NT B4E3C7",rjames@example.com,35381.92,175.8,87.2
468,M,Danny Foster,High School,"53501 Desiree Landing Apt. 500
Brittanytown, NT E8G9N8",uvasquez@example.com,38880.89,167.6,57.7
469,F,Katrina Cook,High School,"7590 Madden Brook Suite 647
North Kimberlytown, NB A8B 4L8",hramos@example.com,146237.05,162.3,67.8
470,F,Tracy Schultz,High School,"286 Vanessa Cape Apt. 230
Port Alexandermouth, YT K1T7C8",dixonjulie@example.org,79347.68,176.0,79.3
471,M,Marcus Lane,Bachelor's,"1063 Turner Fork Suite 860
Jonesbury, PE B2J3N9",derrickburke@example.org,29322.42,172.8,92.4
472,M,Brandon Brown,Bachelor's,"800 David Street
North Davidmouth, MB M1B 2E1",msullivan@example.com,19452.73,177.5,73.5
473,F,Deborah Willis,Some College,"792 Mark Oval Suite 233
New Michael, AB A4C6Y1",norrisjohn@example.com,25786.88,161.4,78.1
474,M,Robert Meyer,Master's,"66306 Ashley Ridges
Carlberg, YT J8V1E5",jonathan92@example.net,32057.86,160.8,53.7
475,F,Heidi Blackwell,Master's,"86517 Moore Groves
Richardmouth, NU V9K 9Y2",rcamacho@example.org,26579.58,175.1,84.2
476,F,Tracie Dorsey,No High School,"8441 Cynthia Passage
North Kenneth, YT Y6G7J2",dorothyvazquez@example.org,29114.79,190.6,84.0
477,F,Kathleen Davenport,No High School,"76874 Knight Crescent
Nelsonfort, NB T4C1R7",christine04@example.org,50660.82,160.6,91.3
478,M,Cameron Lang,High School,"039 Mays Creek Apt. 191
Taraborough, NS G7L6K7",gregory38@example.net,31384.89,170.9,101.1
479,M,Thomas Campbell,Some College,"8874 Austin Radial Suite 904
Hamiltonshire, PE V3B4L1",hpatterson@example.net,67115.18,163.7,88.7
480,M,Jeffrey Travis,Some College,"823 Austin Dale Apt. 712
Alvaradoport, PE S8P 8L5",davidwilliams@example.com,34873.54,169.5,81.5
481,F,Nicole Hughes,Master's,"28126 Terry Prairie Suite 031
West Natashabury, AB C6T 5E5",tamarathomas@example.net,28524.21,186.6,103.4
482,F,Pamela Welch,High School,"464 Allison Forge
West Micheal, MB V6L5S1",erin14@example.net,92631.84,162.5,95.9
483,M,Jeremiah Arnold,No High School,"582 Emily Canyon
Port Ashleytown, NT B9B7H5",andrewcervantes@example.org,78327.06,167.7,110.5
484,F,April Campbell,Bachelor's,"33418 Lutz Islands
Warnerhaven, AB A6A2C4",moranfrances@example.com,48228.57,172.1,94.5
485,M,Justin Douglas,Some College,"694 Mccarthy Hills Suite 437
East Cynthia, ON H4G4B1",tyler56@example.net,28425.42,165.0,52.3
486,F,Christina Cardenas,Bachelor's,"09471 Marshall Lane Apt. 178
Gomezview, SK Y9H9T4",jonathan12@example.net,50173.0,173.2,89.4
487,M,Miguel Grimes,Some College,"685 Ashley Road Apt. 634
Port Kimberlyside, NS B2R7B5",veronica30@example.org,96504.34,184.4,100.4
488,M,Edward Davis,Bachelor's,"03127 Maurice Plaza
Port Darleneberg, SK Y8X 5G2",gregory81@example.com,37973.46,168.3,104.3
489,M,Robert Dawson,High School,"064 Brenda Curve Apt. 040
Orozcoton, MB A3J3A2",nkennedy@example.com,47483.14,190.9,79.3
490,M,William Spencer,High School,"1855 Osborn Brooks Apt. 305
Nelsonchester, AB R1R8C4",wilsondavid@example.org,100944.93,183.2,33.4
491,F,Angela Jones,Some College,"31671 Emily Groves
East Austinville, ON N8P 8T7",vegadavid@example.net,54772.83,170.3,81.6
492,M,Shawn Stewart,High School,"441 Navarro Well Apt. 987
Nicholasmouth, NT T5S 6H2",irowe@example.org,83463.21,188.8,73.9
493,M,Daniel Oliver,No High School,"492 Manuel Stream Apt. 786
Lake Katrina, MB X2K7T2",dkaufman@example.net,129455.31,183.7,72.0
494,M,Gerald Ryan,Master's,"355 Green Mill
Tommymouth, NB N3G 3P7",christopher75@example.org,23048.14,177.0,83.5
495,M,Raymond Maxwell,Bachelor's,"862 Brown Branch Suite 195
Gonzalezmouth, AB V3H9N8",elizabethlopez@example.com,63696.82,163.4,94.8
496,F,Katherine Harris,High School,"86381 Suarez Ridge
North Summerport, SK M2V 5J4",sabrina67@example.net,65971.2,171.4,99.1
497,M,Andrew Alexander,High School,"147 Cathy Village
East Deanbury, QC C8R 8R4",johnathan07@example.org,80596.31,167.9,66.5
498,M,Nathan Castro,Master's,"1095 Montoya Park
West Maria, PE P1J9S9",grogers@example.com,55602.12,182.9,76.0
499,M,Robert Carrillo,Bachelor's,"56089 Holly Row Apt. 752
North Chrisland, MB X4J 1E2",mmontoya@example.org,70476.75,163.2,70.5
500,M,Austin Jones,Some College,"251 Weber Stream
Clarkshire, PE E3X 6A9",joycemiller@example.com,123715.32,164.2,92.2
501,F,Cathy Gilmore,Some College,"5077 Justin Ville
Port Lindsay, PE N8P9E9",jasonflores@example.org,29835.56,169.7,94.2
502,M,Stephen Shannon,Some College,"108 Marks Dale
Matthewton, ON X8P 2V7",christinelittle@example.org,31422.69,181.9,92.9
503,M,Timothy Powell,High School,"4725 Amy Mission
South Michelle, NL P4J 3X4",daniel53@example.org,30880.73,168.6,81.2
504,F,Carolyn Hampton,Bachelor's,"2115 Stephanie Stream Apt. 338
Lake Marytown, SK C9Y 7N8",matthew60@example.org,49550.76,154.8,78.0
505,M,Michael Davis,Bachelor's,"475 Audrey Trace Suite 439
South Jacobland, MB C2V2B7",danielle28@example.net,74453.12,155.5,70.9
506,F,Renee Dickerson,Bachelor's,"7294 Destiny Burgs
Ramirezbury, SK P9K9G2",jeffrey86@example.org,108027.08,174.4,84.8
507,M,Daniel Dean,Master's,"7928 Kevin Ferry Apt. 020
Johnsonview, NB L9R 2V2",patelcarol@example.org,82047.5,168.0,98.1
508,M,Richard Morton,High School,"199 Russell Pike Apt. 712
West Jimmy, PE S2C9R1",savagephillip@example.org,46145.5,164.8,81.7
509,F,Rhonda Thompson,Master's,"385 Sanchez Estate Suite 422
West Kellie, BC P2M 4X6",robertmurray@example.org,84119.41,164.2,94.5
510,M,Christopher Johnson,High School,"96926 Martin Divide
South Williamfurt, SK Y5X8M2",bankswendy@example.com,138581.52,146.2,99.6
511,F,Kimberly Beasley,Bachelor's,"8999 David Branch
Port Mike, AB X4K7M3",donaldhall@example.net,115759.16,163.4,105.4
512,F,Leah Day,No High School,"06789 Miranda Mills Apt. 909
East Richardfurt, QC P2T3Y2",lindawhite@example.com,121496.43,165.4,77.4
513,M,Daniel Smith,Some College,"1716 Audrey Expressway
Debraberg, AB C1R5A7",tcase@example.com,41500.25,181.0,91.2
514,F,Kayla Sanchez,High School,"9185 Rachel Plain
East Sean, YT H6V3N7",sfrazier@example.org,25775.48,178.9,77.8
515,M,Brandon Wolf,High School,"1344 Karen Squares Suite 608
New Antoniomouth, NT A3E1H1",kelleylisa@example.net,57059.07,154.1,80.7
516,F,Kelsey Burnett,Some College,"877 Nicole Plain
Nataliechester, MB J5X 4X3",xbrown@example.com,39616.96,174.1,85.8
517,F,Carol Gross,High School,"98372 Maynard Row
Port Terri, QC X9B3H9",shanefox@example.org,77918.99,159.5,90.1
518,M,Eric Ross,Bachelor's,"525 Christine Expressway
Jamesfurt, AB P3T 5X3",gbowman@example.com,25018.88,172.3,79.2
519,M,Timothy Parker,Some College,"78819 Joseph Branch Apt. 645
North Randyberg, NT E9E8T8",davidmiller@example.com,76411.59,171.5,98.0
520,F,Krystal Cervantes,High School,"30010 Russell Park
Martinezside, NB M2L 7P2",jacquelinelong@example.org,54852.54,166.5,114.8
521,M,Tyler Murphy,Bachelor's,"2449 Pugh Garden
Port Kristinport, NT S8V8N9",andersonjeffery@example.com,63805.08,173.9,82.8
522,M,Andrew Smith,High School,"889 Benjamin Bypass Suite 623
Andersonchester, QC M1C 8G3",carlsonmelvin@example.com,91763.52,170.1,86.9
523,M,Jordan Bates,High School,"413 Christine Place Suite 571
Riverachester, NU M2M9T7",duncanemily@example.org,31632.16,181.3,97.9
524,F,Donna Cook,Some College,"0498 Angela Parkways Suite 902
Lake Lindseyside, YT N4L 1K5",brittneyrichards@example.net,49675.08,150.3,99.7
525,M,Matthew Jones,Bachelor's,"789 Williams Parks Apt. 771
North Brian, QC L6X6J3",lindajohnson@example.org,27007.26,166.5,89.0
526,F,Holly Ramirez,High School,"94653 John Green
Conleyberg, ON L1L 2V7",frederickjose@example.net,38138.13,182.2,99.0
527,M,Terry Roberts,High School,"1695 James Fort
Port Conniemouth, BC V5K7M2",holly31@example.org,51382.4,168.9,90.7
528,F,Sarah Stewart,High School,"5451 Lori Gardens Apt. 522
West Kirstenborough, NT L1N7B9",hamiltontimothy@example.net,39003.83,160.2,69.2
529,F,Shannon Lopez,High School,"236 Patterson Villages Apt. 476
West Johnnyton, ON K1T 1J1",brandonmcgee@example.org,22583.25,167.9,75.3
530,F,Carla Clark,High School,"21002 Nicole Vista Suite 471
Emilyton, NU R4Y2B6",richard46@example.net,26556.4,163.8,100.3
531,F,Elizabeth Collier,Bachelor's,"094 Howe Rapids Suite 370
Tylerhaven, PE J6H5B6",wallen@example.com,41140.84,184.8,96.5
532,F,Laurie Reyes,Some College,"365 Alicia Lane Suite 498
New Christopherton, NT E2K 5N7",megan06@example.com,57166.5,158.4,110.5
533,F,Jennifer Cortez,Master's,"7510 Flores Square Suite 469
West Matthew, AB L8V8N1",reynoldsxavier@example.net,54739.52,178.6,69.5
534,F,Jasmine Leonard,Master's,"250 Guerrero Spurs Apt. 878
Lake Cynthia, NL G3N 8M7",qburns@example.com,33189.87,166.9,98.0
535,M,Matthew Martinez,No High School,"32237 Medina Mountain
New Brandonview, NB R7C3J2",david40@example.com,26384.87,169.9,83.2
536,F,Victoria Clark,High School,"1343 Shepherd Roads
Rosalesbury, AB T5J8K2",ejames@example.com,33784.21,176.0,82.4
537,M,Jason Parrish,Bachelor's,"712 Angela Camp Apt. 487
Mitchellhaven, NB V5N 7L7",robert44@example.org,77094.15,165.9,98.2
538,F,Samantha Kennedy,High School,"81488 King Haven
West Peggyfort, MB A6G5E8",hunterjames@example.com,37459.63,172.1,67.9
539,M,Billy Macdonald,Some College,"1910 Ruiz Trafficway Suite 455
Ruizberg, NB Y9S6A3",bburton@example.com,70039.35,171.3,91.1
540,F,Angela Suarez,Master's,"8455 Michael Rapids Apt. 649
New Paula, QC N3M9N1",wlevine@example.net,27246.62,178.6,43.3
541,F,Rachael Roberts,Some College,"20087 Lynn Causeway Suite 064
Alejandromouth, NS P9B 7H7",lisa70@example.net,34376.99,169.6,75.2
542,F,Brianna Robinson,High School,"85455 Hudson Centers
Andreafurt, BC C4G8V3",christophermendoza@example.org,50990.04,176.7,86.9
543,M,David Dodson,Some College,"5983 Baker River Suite 759
East Karenview, NS C5A6B6",richard99@example.net,22396.74,185.1,92.4
544,M,Sean Miller,Bachelor's,"35414 Cheryl Point Suite 772
New Scott, AB V9X 8G5",claire48@example.com,14288.99,151.6,85.6
545,M,Jacob Cortez,Some College,"778 Christopher Rest Suite 436
New James, MB N5B3N1",kevin16@example.org,46245.74,164.6,82.2
546,M,Christopher Hunter DDS,High School,"343 Guerrero Vista
Johnsonport, ON P8K 8E1",alexandermichael@example.org,45916.33,154.8,104.4
547,F,Michele Arnold,PhD,"644 Horn Harbor Apt. 600
Walterstad, NU B2A 8X2",nicholashayes@example.org,28692.68,180.1,37.7
548,M,Richard Wheeler,High School,"2923 Hill Mountains
North Briana, AB M1Y3E5",mendezbrian@example.net,68124.0,173.3,90.4
549,F,Lisa Frazier,Bachelor's,"3995 Alan Cove
North Jillianview, SK C9H 7K5",williamsrachel@example.net,27504.39,158.8,28.1
550,M,Jason Boyd,Master's,"995 Neil Well Suite 903
Smithmouth, BC K1M6G9",kelly29@example.org,104542.25,155.8,71.1
551,M,Thomas Stark,High School,"2712 Corey Centers Suite 473
Lake Alexander, PE Y7B8A1",christopher07@example.com,24841.04,156.7,94.6
552,F,Debra Simmons,PhD,"740 Rodriguez Rue Apt. 607
Crystalfort, NT N6E 6K9",awarren@example.org,52419.83,162.0,104.9
553,F,Ashley Barber PhD,Bachelor's,"039 Reed Neck Apt. 030
South Michaelhaven, SK P3S1J8",charlesolsen@example.com,51908.22,174.3,75.9
554,F,Victoria Walker,Some College,"9663 White Valleys Suite 722
New Tracy, YT C9A4Y8",kayleedoyle@example.net,29498.41,164.9,88.7
555,F,Rachel Williams,No High School,"172 Lisa Shores
Port Mariahaven, SK L4A 9J9",sergio15@example.org,83859.85,177.1,103.9
556,M,Randy White,Some College,"3447 Berger Fort
Troyville, ON E3K9V5",austinroach@example.com,31109.52,175.7,100.4
557,M,Scott Curtis,Master's,"6057 Rogers Course Apt. 984
Benjaminside, NB M1L7T6",lauren23@example.net,24619.63,160.9,78.7
558,F,Wanda Guzman,High School,"92414 Prince Lodge
Port Whitney, QC M3Y 2L4",elizabethmartinez@example.net,24473.67,161.6,85.1
559,M,Shaun Johnson,Bachelor's,"0097 Shannon Estates
Port Charles, AB Y4V 7V9",fwilson@example.org,64209.61,168.0,94.2
560,M,Raymond Johnson,High School,"8582 Ochoa Avenue
North Coreyberg, QC J1N 4N2",ian14@example.com,30577.96,181.1,100.7
561,F,Lisa Williams,Some College,"1558 Casey Isle
Jensenport, NU C2H7P5",trodriguez@example.net,49662.29,165.5,63.0
562,M,Brian Grimes,Master's,"4693 Lopez Alley Apt. 261
Lewisstad, NB J8P6V8",tracyingram@example.net,25910.1,167.4,62.2
563,M,Adrian Clements,Some College,"323 Mcdonald Throughway
Jasonshire, NL P7Y 6E1",sheliaspears@example.net,24439.2,179.4,90.5
564,F,Tracy Mendoza,Some College,"070 Garcia Haven
North Zacharyton, NU E6C9R3",stephensnicole@example.org,47331.55,168.0,111.0
565,F,Kathryn Stephens,High School,"7660 Richardson Hill
Michealfurt, NS V4P 4E9",qespinoza@example.org,35429.46,148.3,100.0
566,F,Laura Hebert,High School,"9357 Douglas Extension
Woodport, YT P5C 8L7",brandon61@example.net,68799.2,173.6,70.3
567,F,Kara Esparza,Bachelor's,"860 Peter Garden
Turnerbury, YT C8R 8A2",penalisa@example.net,97791.82,179.6,91.4
568,F,Renee Cook,Bachelor's,"7989 Rebecca Road Suite 091
Hornville, NL C6K2L6",michael27@example.com,65065.63,169.5,34.1
569,M,Bradley Lambert,Bachelor's,"421 Barbara Cliff
Smithborough, NU A4R 2A9",darrylbeasley@example.com,80496.51,161.0,96.1
570,M,Jonathan Smith,High School,"368 Patterson Manor Suite 944
New Deborah, NU Y1S2X5",coleshelley@example.com,34386.77,147.4,76.4
571,M,Alfred Porter,High School,"74329 Ariel Common Apt. 389
Port Jeffreyburgh, BC P6R 5J3",hudsontiffany@example.net,85613.29,148.7,107.8
572,F,Patricia Riley,Bachelor's,"57364 Taylor Locks
Garzaview, PE M4T1A6",melissacampbell@example.com,79495.03,188.0,100.2
573,M,Isaac Blankenship,High School,"288 Chang Squares
Colemanport, NU A5H 9V9",bbaxter@example.net,36192.12,188.1,89.8
574,F,Caitlin Carter,PhD,"7321 Cole Field
Thomasville, ON X4C1N6",catherinecohen@example.net,47834.51,155.1,78.5
575,F,Karen Wright,Master's,"9712 Anthony Ford Apt. 757
Parksfurt, NL C5V9V5",lance05@example.net,48433.24,190.8,97.2
576,F,Frances Cruz,High School,"572 Palmer Ford Apt. 531
New William, NU H9S 2H4",paigeramos@example.com,63935.35,167.1,94.2
577,M,Robert Salazar,High School,"92871 Brown Circle Suite 936
North Amy, YT N3V7C7",robertwise@example.net,49981.78,162.3,88.6
578,M,Jeremy Hernandez,Bachelor's,"2422 Kayla Tunnel
East Theresa, NU R7J 9N1",wanderson@example.net,38605.63,189.3,104.0
579,M,Louis Walker,Bachelor's,"474 Mckinney Lake Apt. 456
Lake Nicholasstad, NT X7V2G3",perezjessica@example.com,28721.67,183.4,97.3
580,F,Rachel Avila,Some College,"9876 Moore Walk Apt. 488
Port Charleneberg, NS A1N 8X7",vburns@example.com,51655.1,170.9,102.3
581,F,Ariana Nguyen,Some College,"4108 Rickey Green Suite 458
Davisfort, NB C7E9M8",edavis@example.org,25564.02,170.0,95.3
582,F,Patricia Nelson,Bachelor's,"637 Ashlee Fall
Jacobton, NT R9L 6Y1",steven08@example.com,18540.4,171.5,78.9
583,F,Nancy Davidson,Some College,"4130 Cory Glen
Lake Martin, NT R7E 8V7",codybarnes@example.org,49855.79,152.8,102.8
584,M,Cameron Porter,Bachelor's,"7455 Perkins Flats
New Teresa, NL X7Y 1V5",zcamacho@example.net,33888.62,167.5,76.4
585,F,Mrs. Kathleen Lee,High School,"26574 Caroline Falls Suite 769
West Jacquelineport, NB X1M 8P6",williamsmary@example.org,20552.71,177.8,78.1
586,F,Helen Myers,Some College,"278 Porter Plains
South Lacey, NL K9S 8K7",smithkathy@example.org,65410.2,153.3,73.5
587,M,Donald Cowan,Master's,"223 Solis Lane
South James, ON X2H 3S5",anthony05@example.net,47094.22,166.6,106.7
588,F,Lauren Mitchell,Bachelor's,"9922 Gonzales Islands
Karenmouth, BC M9C 7M2",johnbell@example.com,29450.88,159.2,96.8
589,M,Eddie Johnson,Bachelor's,"21434 Shannon Orchard
Maryshire, NS B7G4R7",cynthia99@example.com,40135.22,140.4,66.0
590,M,Michael Estrada,High School,"641 Marquez Summit
New Dawnview, NS P7H6C7",jorgeroberts@example.org,70111.15,175.3,68.5
591,M,Larry Barnett,No High School,"271 Burns Glen Suite 063
Briannaborough, QC C6J6N2",pamela72@example.org,50345.07,177.7,94.4
592,M,James Barron,Bachelor's,"99107 Chan Orchard
New Derek, NB C1K 8A3",stephanie57@example.org,45433.51,167.3,24.4
593,F,Kristin Oconnor,High School,"07228 James Forge
Williamsfurt, ON K7N2M2",cookshawn@example.com,49576.43,153.7,69.4
594,M,Michael Knight,High School,"82135 Bryan Villages Apt. 317
North Paul, BC C1E 6R3",markholmes@example.net,76501.91,142.1,95.2
595,F,Patricia Allison,High School,"6260 Mahoney Glen
Whiteborough, AB R7S6H7",wallaceronald@example.org,58586.15,182.4,69.9
596,F,Brittney Mays,No High School,"931 Connor Roads Suite 138
South Tanyahaven, NU L8J 6N3",thomastapia@example.com,44050.95,171.8,95.3
597,M,Joshua Fowler,Bachelor's,"790 Kramer Mills
Port Travisbury, NU G4G 3N7",owensrichard@example.net,71782.06,156.5,91.0
598,M,Javier Stafford,PhD,"40155 Delgado Ferry
South Tarahaven, BC L6A7P8",stacie13@example.com,78408.26,174.5,103.6
599,F,Catherine Jimenez,Bachelor's,"714 Victoria Squares Suite 484
Henryton, PE G5C2G5",crystal45@example.net,34677.07,162.0,89.0
600,F,Kimberly Montgomery,Some College,"746 Erin Field Apt. 675
Nicoleshire, NS G4G 4B6",jillmarshall@example.org,23818.23,163.4,111.9
601,M,Philip Benton,High School,"055 Paul Shores Suite 152
West Sarah, NL K9P 7B9",eduardojones@example.com,43860.47,170.2,102.8
602,F,Samantha Foster,High School,"57633 Dominique Route Suite 831
New Derrickport, NB X3T6T5",craigbowman@example.com,67422.2,173.7,87.1
603,F,Pamela Williams,Master's,"1938 Robert Views Apt. 272
North Sharon, NS N3T 9L3",connor66@example.org,33670.79,154.2,108.2
604,F,Jessica Johnson,Bachelor's,"4981 Joshua Lane
Kaylaton, QC V3C1B4",toddreed@example.net,72415.29,173.4,98.0
605,F,Maureen Reyes,Bachelor's,"65116 Wilson Grove
Lake Marychester, NL R1X9Y2",smithkevin@example.net,42935.63,189.4,101.9
606,M,Darius Johnson,High School,"10904 Riley Plains
Riverafurt, PE N4E5N5",monicaellison@example.org,54978.91,168.8,108.3
607,M,Joseph Zimmerman,High School,"9245 Alison Trail
Port Robin, NS J6J 4V4",tammyboyle@example.net,31451.46,173.0,107.7
608,F,Jennifer Lucas,Bachelor's,"49648 Emily Villages
New Jessicaview, PE T1V1T2",mckinneyjill@example.com,11267.61,162.7,109.4
609,F,Janet Williams,High School,"863 Bullock Shoals
New Erika, YT H5K 4V4",kenneth84@example.org,55925.44,187.8,92.8
610,M,Raymond Crosby,Some College,"0079 Cindy Branch Apt. 942
Port Kristi, NT G5J4C7",hendersonlinda@example.net,25430.74,166.9,97.6
611,M,Matthew Martin,High School,"552 Moore Course
South Timothyton, QC J9Y 4C4",carlos51@example.net,33897.15,181.6,72.5
612,M,Ray King,Master's,"3467 Nancy Summit Apt. 771
Andersonmouth, NB S1J1H6",nguyendennis@example.com,63395.2,178.3,67.1
613,F,Melissa Espinoza,No High School,"4884 Morris Extensions
South William, PE M1G 6V2",maxwellkenneth@example.org,35042.86,180.8,105.8
614,M,David Mccann,Master's,"1922 Bridget Plains Suite 930
Angelaport, NS E6H 3V4",hromero@example.net,30643.51,194.0,102.2
615,M,Eric Castro,Some College,"93216 Connor Flats Suite 587
West Adamshire, AB T9Y5R9",clopez@example.com,71809.09,172.6,97.5
616,M,John Rose,Bachelor's,"912 Lindsey Shoal Apt. 620
New Gary, NB V1G1J2",ugill@example.net,51121.96,187.6,58.3
617,F,Katrina Lee,PhD,"237 Yolanda Burg Suite 665
New Julietown, ON M4J1T8",wgomez@example.org,82335.67,151.3,81.6
618,M,William Faulkner,No High School,"102 Monica Union
Robinburgh, ON L3N6P4",warrensean@example.net,71777.49,158.9,83.0
619,M,Steven Price,Bachelor's,"35112 Wagner Skyway
East Joshuamouth, QC N6A 5V2",maldonadochristopher@example.com,41798.09,167.6,102.5
620,M,James Garcia,Some College,"44998 Bowen Parks Suite 940
New Amyfort, NU G5J 9H1",marc61@example.net,28087.8,172.1,79.8
621,M,Adam Hill,High School,"2133 Zimmerman Valleys
Chadmouth, PE A9H 2S5",stacypeterson@example.net,38773.21,169.5,112.1
622,M,Jerome Marshall,Bachelor's,"4299 David Lakes Apt. 002
New David, NB B6N7J4",xcollier@example.com,71453.08,171.8,81.4
623,M,Robert Christian,Bachelor's,"518 Henry Prairie Apt. 305
Port Alice, QC A3E 9N2",dclark@example.net,90900.02,153.9,74.0
624,F,Adrienne Burch,Some College,"52653 John Unions Apt. 590
Mauricebury, QC C9K 6T3",jonalexander@example.net,33228.18,170.0,113.2
625,M,James Stephenson,High School,"141 Hannah Brook
East Kaitlinchester, ON C4R6J5",cantrelljoshua@example.org,58527.87,191.9,50.3
626,F,Dr. Erica Watson,Some College,"268 Mccann Park Apt. 686
North Deniseland, SK H1L 5B1",alan28@example.net,69288.55,178.7,99.5
627,F,Heather Cook,Bachelor's,"317 King Vista
New Adrian, MB R5J 4L1",adamsdanielle@example.net,50914.67,166.9,61.2
628,M,Michael Ortiz,Some College,"142 Chambers Fields Suite 946
Stephenfort, YT J5P8K6",amy54@example.com,42942.23,170.8,44.5
629,M,Corey Rojas,Some College,"175 Allison Stravenue Apt. 716
Rodriguezmouth, NU N5H8R9",deborahmason@example.net,53780.66,168.9,68.6
630,F,Amy Dodson,High School,"32267 Kristin Well Apt. 275
Martinezmouth, SK L2E2Y8",dcook@example.com,33242.5,180.0,77.2
631,M,Brad Kennedy,Bachelor's,"96921 Hamilton Unions Apt. 883
West Ashley, BC G4X7B6",carlosmorales@example.net,69088.9,184.5,77.6
632,F,Amber Mitchell,High School,"740 Cooper Hill
New Emilytown, NL J1J 4P6",smithamy@example.net,37212.58,166.9,55.5
633,F,Kaitlin Vega,Bachelor's,"923 Adam Island
Heatherton, NU P9L 6M3",cunninghamjennifer@example.net,52112.42,179.4,75.4
634,M,Matthew Miller,High School,"1863 Jeanette Lane
Gabrieltown, BC G5P 3H9",daniel83@example.net,44847.74,169.1,53.6
635,F,Misty Patterson,Some College,"902 Mary Parkways Apt. 645
Andreachester, PE B4R7Y9",cobblinda@example.net,68464.89,173.8,86.5
636,F,Courtney Turner,High School,"54219 Daniel Landing
Robertmouth, NL E7A2C3",savannah43@example.org,50410.77,158.7,81.6
637,M,John Jones,No High School,"1675 Dustin Cliffs Apt. 544
Robinsonport, ON T4L 8R9",reynoldsangela@example.com,83096.61,169.1,92.0
638,F,Tammy Ross,High School,"8718 Macdonald Circle Suite 751
North Emilyside, ON Y2K5Y5",sheltonmichael@example.net,68785.93,180.3,72.4
639,M,William Lewis,Bachelor's,"58581 Brian River
Lake Gary, ON S3X9H9",robinsonmegan@example.net,25133.38,167.6,84.8
640,F,Stephanie Williams,Bachelor's,"10513 Watson Hills Suite 296
Aguilarborough, MB Y9V 8B5",billy76@example.org,54233.36,184.3,102.6
641,M,Douglas Newman,Bachelor's,"17571 Alexandra Junctions Apt. 556
North Dennis, MB T3B2S9",ushepard@example.net,33925.34,167.3,114.7
642,M,Michael Hopkins,Bachelor's,"757 Graham Island
Dylanshire, ON X5X4H2",kpatterson@example.com,66658.14,152.3,84.1
643,F,Sharon Jackson MD,Some College,"454 Laura Burg Suite 715
Luisberg, NT S2S7C7",fieldstina@example.com,70799.66,172.1,99.7
644,F,Catherine King,Master's,"694 Cobb Ramp Suite 448
West Joshuaburgh, NL Y4T 8B2",walshrebecca@example.net,22086.62,176.6,82.1
645,F,Brittany Anderson,Master's,"132 Nicholas Pine Suite 989
Adrianaburgh, YT L5S6Y2",jacobhansen@example.com,48933.52,168.5,104.5
646,M,Raymond English,Bachelor's,"0196 Robbins Turnpike Apt. 422
Ronaldport, NL M7G 9Y7",tony39@example.org,49863.96,169.1,89.0
647,F,Jessica Adams,Some College,"7325 Omar Rue Suite 202
Ericahaven, NB M1P3X5",mmeyer@example.net,33003.9,190.3,50.5
648,F,Elizabeth Ford,Bachelor's,"5457 Jerry Mountain
Jasmineburgh, YT K5N 3A4",dwoodard@example.com,81916.78,173.7,87.2
649,M,Roger Smith,Bachelor's,"31515 Nicholas Walks Apt. 402
Port Aliciaside, NS Y6X 7V2",umedina@example.com,47902.61,175.3,89.8
650,F,Kimberly Christensen,Master's,"98962 Alan Rapids Apt. 156
Rossberg, QC E2T 4P2",jon18@example.com,86242.12,165.6,107.5
651,M,Dylan Snow,Master's,"236 Knox Forge
Armstrongmouth, QC Y7A1L4",julia78@example.org,107227.08,185.4,79.1
652,F,Jennifer Ellis,Some College,"440 Nelson Walk
South Veronica, NS V1A6L5",todd05@example.com,48126.96,158.1,76.8
653,M,Lawrence Rich,High School,"73024 Lydia Mews
Maryfort, QC B1N 5M4",greenbenjamin@example.com,52246.25,177.9,67.0
654,F,Amy Smith,Some College,"655 William Brook Suite 969
Port Jameshaven, BC Y6B 5S4",jocelynjordan@example.com,99615.73,165.1,112.1
655,F,Amy Caldwell,Some College,"4977 Mitchell Oval Suite 615
Lake Kurtside, NU T2X3A2",vcombs@example.org,73984.35,161.2,96.4
656,F,Mary Davis,Some College,"78097 Tina Shoals
New Cynthia, NU M7M 7V5",cassie27@example.net,14526.04,167.1,93.4
657,M,Andrew Marshall,High School,"24828 John Meadow
Dylanchester, SK L6E3R8",daniel09@example.com,90088.63,171.6,59.9
658,M,John Moss,High School,"890 Sandra Rue
East Mark, PE N1E8E2",colemanpaul@example.com,40175.58,157.0,106.5
659,M,Maurice Stafford,High School,"6988 Valentine Ridges Suite 934
Edwardsmouth, NS L9R2R4",jbeard@example.org,49413.43,179.3,99.6
660,F,Kimberly Martinez,High School,"592 Bryan Plaza Suite 820
Lake Crystal, QC S3Y 2X8",tyler97@example.org,139063.81,182.7,63.6
661,M,Willie Hudson,Bachelor's,"19791 Davidson Bridge Apt. 569
Lake Lauren, NB M4G5A8",brianthompson@example.net,40978.32,171.4,95.4
662,F,Emily Mcdonald,Bachelor's,"32529 Bryan Haven
West John, NT H5G 2T1",eadams@example.com,76261.28,163.3,90.2
663,F,Chelsea Larsen,Bachelor's,"4609 Justin Mountains
Kellymouth, ON N5A 4R8",kathy48@example.com,61786.45,163.7,101.6
664,F,Andrea Wright DDS,High School,"4179 Charles Summit
Douglasfort, NS P4P 9H7",trevorbradley@example.net,36237.82,168.5,70.4
665,M,Randall Vaughn,Master's,"722 Woods Flats Apt. 310
West Wyatt, NL H6V 7L9",zdavila@example.org,47997.88,178.5,78.3
666,M,Stephen Gibson,Some College,"892 Bender Island Suite 600
Tamihaven, NT J1J5H3",blanchardchristine@example.net,19821.96,179.8,105.3
667,F,Lisa Robertson,High School,"1101 Wiley Fall
South Jared, QC K2P9V5",fjones@example.org,23654.06,163.3,88.1
668,F,Melissa Richardson,High School,"37103 Lee Groves Apt. 567
Allenhaven, NS J6S5E5",andrewwilson@example.org,43665.45,171.0,95.7
669,F,Alexa White,Bachelor's,"3968 Richard Mountain
West Nichole, PE M7R 1N6",charlesking@example.com,49406.82,171.4,87.3
670,M,John Dixon,Bachelor's,"10204 Jordan Tunnel
Hensonberg, AB S4L 2S3",andrew86@example.com,36844.03,166.4,97.2
671,M,Joshua Bowman,Bachelor's,"220 Michelle Alley Apt. 109
Kirkmouth, AB M4S 5H5",james04@example.net,32944.69,160.4,77.0
672,F,Melissa Richardson,No High School,"432 Gonzales Creek
Webbtown, QC T7S4M2",johnmiller@example.net,40331.01,155.2,94.2
673,M,Cristian Clarke,High School,"17723 Vanessa Parkway Suite 902
Lake Tyler, MB V7S 1H7",evanshelen@example.org,96188.97,192.5,95.3
674,M,David Meyer,Master's,"4322 Bell Estate Apt. 786
West Angelaborough, SK E7S 3M2",matthew46@example.net,149750.42,169.5,86.8
675,M,Eugene Smith,High School,"8843 Russell Dale
Matthewschester, YT X3N 6E7",bradleyfuller@example.com,40833.91,182.4,81.0
676,F,Susan Wagner,Bachelor's,"1263 Long Knoll Apt. 055
Alejandrostad, NB L7S 6L7",maciastara@example.com,72434.88,171.6,91.1
677,M,Stephen Williams,High School,"5142 Gary Drive
New Jameshaven, YT J6X5H5",bairdmichael@example.com,52581.86,181.4,73.5
678,F,Kathleen Cisneros,No High School,"0456 Jesus Points Apt. 331
Port Joshua, NS R5C 7P3",cstark@example.org,37662.03,159.1,96.3
679,M,Ryan Allen,Bachelor's,"089 Timothy Meadows
Briannatown, NL P6Y5P3",vgreen@example.net,23322.95,159.7,61.5
680,M,David King,Bachelor's,"8426 Mary Villages Suite 279
Darinside, AB K1A5C4",xking@example.net,93353.56,182.1,93.0
681,M,Carlos Wilson,PhD,"77682 Kerr Divide
Taylorshire, QC B7M 1K5",emily33@example.org,35754.17,171.2,102.4
682,F,Jennifer Guzman,PhD,"7993 Joseph Plains Suite 472
Port Russell, AB L1L6S5",curtisanderson@example.org,48222.83,158.8,72.7
683,F,Dana Gutierrez,High School,"16976 Brian Pike Suite 541
New Ryanhaven, BC T9Y9S4",davidjones@example.com,51579.75,163.2,100.4
684,F,Latasha Jenkins,Bachelor's,"17457 Maldonado Way
New Ronald, NU A1B3V1",vincentnielsen@example.net,114079.09,167.1,111.3
685,F,Michelle Hall,Bachelor's,"7516 Stacey Circle Apt. 332
South Jonathan, NL H7N 8C9",kenneth69@example.com,51074.27,174.7,90.3
686,F,Jessica Wise,Bachelor's,"0391 Rodriguez Views Apt. 923
Laurieton, QC B7K3B5",kimberlygordon@example.com,28967.64,155.3,75.0
687,F,Michelle Vega,Bachelor's,"7903 Crosby Estates Suite 031
Elizabethborough, AB E9G9K1",branchmegan@example.org,23924.86,180.2,91.2
688,F,Lydia Mosley,High School,"685 Elizabeth Lakes
Wilsonside, QC K3L6N7",angela69@example.net,26790.47,169.9,78.2
689,F,Maria Brock,High School,"1563 Emma Haven Suite 666
Cassandraport, QC J9P 4N7",williamsdawn@example.com,34273.25,182.1,91.4
690,F,Melissa Peterson,High School,"88554 Bailey Parkway Apt. 945
Brianmouth, AB G4J5P1",bakerjames@example.com,49908.78,186.1,86.7
691,F,Jessica Moore,Some College,"9527 Stafford Courts
Lopezbury, PE A2B5R8",anitaramirez@example.net,140883.78,151.6,72.3
692,F,Ashley Camacho,High School,"15891 Michael Springs
East Bruce, NT E3E 1G9",stokesbrenda@example.net,87159.89,157.5,83.4
693,M,Jonathan Gonzalez,Bachelor's,"048 Thompson Flats
Port John, PE Y6R 2S5",boonerichard@example.org,38411.09,153.8,97.3
694,F,Elizabeth Nelson,High School,"6192 Santos Islands Suite 887
North Brittany, ON R1L7L7",llee@example.net,24630.84,166.5,87.0
695,M,Gregory Day,High School,"9802 Angela Freeway
Theresaberg, QC G4E 6J2",amberfoley@example.com,53876.54,164.3,51.9
696,F,Jamie Ramirez,Bachelor's,"3916 Howard Glens
South Nancy, NT J4T 8N9",bjohnson@example.net,34372.05,159.2,90.6
697,F,Jennifer Hill,Some College,"738 Olson Squares Suite 791
Contrerasberg, YT H8E 6K4",hgarcia@example.com,52229.31,178.8,93.2
698,M,Jeff Webb,Some College,"73114 Joseph Road
Lake Brandi, ON K8K 5K1",jonespaula@example.com,79918.67,174.9,62.6
699,M,Cameron Reed,Some College,"0949 Jones Coves
Vasquezshire, AB M8H5G4",jennifer35@example.com,105806.52,181.8,49.5
700,F,Natalie Newton,Bachelor's,"25937 Brenda River
Gloverborough, PE T7C6J2",shannon97@example.net,60195.02,178.2,93.3
701,M,James Jones,Some College,"875 Williamson Mountains
South Sarahbury, MB A1N5C3",mpage@example.org,29763.04,160.2,111.1
702,M,Michael Wilson,Master's,"167 Jill Unions
Lake Eric, ON V5C 3X8",jamie61@example.net,32155.19,154.2,81.9
703,M,Kyle Warren,PhD,"7528 James Mall
Matthewland, SK K4J7C1",lhall@example.com,56411.22,181.4,84.6
704,F,Brittany Myers,High School,"52775 David Vista
Riverafort, ON V1E4N6",roachkristie@example.net,36237.73,160.9,88.3
705,M,Sean Quinn,High School,"072 Michaela Gateway Suite 091
Port Marktown, NB C8K3N8",bsmith@example.org,51027.57,174.0,93.3
706,M,Cody Powell MD,Some College,"26846 Lee Route Suite 453
North April, AB M2L 6V1",tbennett@example.net,51454.78,181.2,103.2
707,F,Vanessa Harris,Some College,"7826 Estrada Club
East Joyce, PE R2T2N7",tiffany08@example.net,25050.58,172.2,108.9
708,M,Brandon Small MD,Bachelor's,"00520 Miller Crescent
West Joe, SK T5Y 7X4",mking@example.org,94682.3,166.6,94.0
709,F,Tamara Livingston,Bachelor's,"41880 Vazquez Harbor
Mortonport, NT S9P 6H3",lrogers@example.org,99914.66,175.3,62.8
710,M,Jordan Webb,Some College,"493 Gonzalez Heights Apt. 542
Ericahaven, ON R5K 7R6",linda24@example.org,53902.67,173.2,89.4
711,F,Lynn Lynch,High School,"3489 Kathleen Divide Suite 204
East Charles, BC L7K6G8",john07@example.org,32210.01,163.5,102.9
712,M,Adam Murphy,Bachelor's,"0845 Miller Forge Suite 938
South Patrick, YT V5V 2E1",aprillopez@example.net,81500.39,159.3,104.7
713,M,Thomas Johnson,High School,"22472 Cox Trafficway Apt. 223
Angelafort, NS B6S6V8",michelle56@example.com,47376.19,165.1,98.2
714,M,Richard Baker,Some College,"8889 Morgan Views
West William, BC Y6X 7K7",keithlynn@example.com,100681.3,167.2,66.2
715,F,Amy Weber,Bachelor's,"506 Kathleen Mills Suite 568
New Robert, QC C9T 4H5",sburke@example.com,88118.57,193.0,70.0
716,F,Barbara Chapman,High School,"78638 Daniel Lights Suite 662
Robertchester, NT A5L 1A6",michaelowen@example.com,39815.38,161.3,66.8
717,M,Joshua Woodward,High School,"3374 Mariah Square
Beckville, QC A1C7P1",kellyruiz@example.org,64943.84,171.7,100.7
718,M,William Spence,No High School,"83228 Lopez Square Suite 957
Olsonchester, AB S4P 1T9",danielprince@example.com,30186.08,185.2,83.2
719,M,Mario Clark,Master's,"262 Nielsen Mountain
East Marymouth, ON S2N9G5",kingmichael@example.org,22259.38,178.8,88.4
720,F,Cynthia Reed,Bachelor's,"79930 Rice Fields
Charlesland, QC R4J5Y7",erik96@example.net,41117.43,179.0,95.6
721,M,Adam Cordova,Bachelor's,"277 Greg Hills Suite 181
East Michaelmouth, NS E5H7K9",rrobinson@example.com,71472.48,157.4,107.0
722,F,Julie Castillo,Bachelor's,"6583 Brandon Parks Suite 015
New James, MB X7V 1T1",mbrown@example.org,22332.97,184.8,71.4
723,M,Richard Singleton,High School,"264 Moore Stravenue Suite 598
Lake Lisa, AB S1T 9L7",anna88@example.net,55429.24,172.3,87.8
724,M,Samuel Flores,Bachelor's,"21963 Ian Heights Suite 134
Pattersonmouth, BC X3K 5M5",john76@example.net,108098.68,199.1,53.9
725,F,Deanna Jones,Bachelor's,"7261 Merritt Cliffs
Candaceside, SK L7A 1X6",bshepherd@example.com,101072.53,156.0,92.9
726,M,Ian Roth,PhD,"19130 Brian Place
Lake Charles, BC L9L4V5",lewisjoshua@example.org,41256.84,155.6,98.1
727,M,Jack Cox,Master's,"07016 Nolan Pines
Farmertown, QC K1J2A2",znolan@example.net,48141.5,177.6,83.7
728,F,Dr. Cindy Smith MD,Some College,"57572 Wade Plains Apt. 607
West Mariashire, PE X5R 9E4",brittany50@example.net,44826.16,189.8,88.5
729,F,Melissa Craig,Bachelor's,"2662 Paul Tunnel Apt. 543
West Jesse, NT A8M7X3",tfritz@example.com,41470.99,161.5,62.5
730,F,Melanie Patton,High School,"69620 Christopher Cove
Oconnorside, NU T2P 9B1",scott42@example.net,73306.24,178.3,87.7
731,M,Joseph Townsend,High School,"7579 Benjamin Glens
East Roberttown, NU K6M 2J7",philip00@example.net,48306.15,174.3,89.6
732,M,James Delgado,High School,"66676 Allen Wall
Perryberg, PE S6G5G7",tgutierrez@example.net,52317.76,153.1,81.7
733,M,Joseph Cole,Some College,"77751 Dawn Port Apt. 517
Westfurt, NL C4P9M7",daniel97@example.net,128134.8,197.8,88.8
734,M,Kenneth Thompson,High School,"7245 Smith Keys Apt. 345
Damonton, NU Y7M6E7",ylivingston@example.org,84931.23,149.8,96.7
735,M,David Watkins,Some College,"08333 Ryan Forest
New Erica, YT C8T9R7",brownkyle@example.com,44809.74,178.2,79.4
736,M,Mike Hill,No High School,"25588 Dixon Shoal Apt. 295
South Rachel, NU H3H 6J9",curryvanessa@example.org,27332.26,180.1,99.5
737,M,Paul Dixon,Some College,"7931 Taylor Stravenue
East Codyborough, SK B9E2E4",nrobinson@example.com,32167.61,171.4,71.5
738,F,Amanda Morrow,No High School,"9591 Adam Court Apt. 334
Clarkbury, NL C8P 5M7",mahoneyandre@example.org,42465.48,173.1,53.4
739,M,Bradley Mccall,PhD,"8108 Medina Cape Suite 811
Estesfurt, AB S4M 6X7",favila@example.com,40239.4,163.7,18.2
740,F,Tina Allen PhD,Bachelor's,"76278 Hannah Ways
South Chad, SK H5B3N4",acook@example.com,68948.79,171.6,93.1
741,M,Brian Miller,Bachelor's,"1387 Anderson Point Apt. 099
South Kaitlynville, PE E9Y 1V2",tgilbert@example.net,69391.65,153.4,53.4
742,F,Kayla Douglas,Master's,"8814 Cynthia Passage Suite 796
West Jamesville, NL X6V8R9",tranjesse@example.org,37060.14,170.3,61.3
743,M,Steven Butler,Bachelor's,"34309 Yang Islands Suite 167
North Kimberly, NU X5K 9C7",ujohnson@example.org,39257.72,166.1,72.4
744,M,Ryan Curry IV,Some College,"58274 Christine Hills
Davisfort, NT J3G7R2",iwyatt@example.net,56231.98,174.1,86.2
745,F,Allison Forbes DDS,Bachelor's,"5666 Lee Pines
Lake Jessica, SK T9X 5L4",tinachavez@example.net,25614.15,174.9,32.7
746,F,Katherine Hart,Bachelor's,"655 April Mews
Branditon, PE A8L7P7",ssmith@example.net,21130.27,173.4,85.4
747,F,Dr. April Scott,Bachelor's,"790 Daniel Trace Suite 344
Teresafurt, QC V1C6N1",barrettian@example.org,103888.37,137.0,81.3
748,M,Lee Johnson,High School,"7541 Shaw Pine
Markside, SK N5T6M9",holly90@example.net,32555.62,169.2,90.3
749,M,Jason Bradford,High School,"299 Kelly Curve
Mosshaven, NB M4Y8V2",barbara35@example.net,57172.48,174.2,104.3
750,M,Richard Hughes,Bachelor's,"37446 Davis Glens Suite 609
Port Mistyberg, NS V5A1P4",acarter@example.org,67174.16,181.6,54.8
751,M,Mr. Nicholas Cabrera,PhD,"786 Perez Orchard
Kristinachester, BC E6B 6M6",sharpphilip@example.net,27897.17,160.1,76.1
752,M,Troy Allen,High School,"12875 Sanders Rue
North Chelseachester, YT S8C5P5",wcordova@example.net,212776.14,172.2,88.1
753,M,Ivan Murray,Some College,"61889 Nicole Park Suite 585
Charlesfort, NL N5J 3T7",morenorobert@example.net,103976.92,160.8,99.7
754,F,Rhonda Flores,High School,"8338 Kayla Manors
Kimberlyview, MB K3K2H1",christinachurch@example.org,42372.81,162.3,42.4
755,F,Erica Raymond,Bachelor's,"414 Cassie Fork Apt. 804
West Toddtown, PE L8H 1N5",williamsemily@example.com,47506.27,157.6,103.5
756,F,Amber Shaw,High School,"0822 Bennett Drive Suite 648
South Melissafort, MB S9E 3T3",scottjason@example.org,69376.15,158.2,90.0
757,M,Brent Tate,High School,"6432 Katherine Union
Lake Robertchester, NU T2N9B1",jameshowell@example.com,48157.07,182.7,80.4
758,M,John Bonilla,Some College,"623 Miller Village Apt. 939
Millerside, BC V6A 1G3",asmith@example.org,33122.97,173.5,84.5
759,F,Jaime Gomez,High School,"06082 Yvette Divide
South Angela, AB A6B3L9",adriana86@example.org,43749.99,186.0,99.4
760,F,Angel Richardson,No High School,"9472 Schneider Lake
Lawrenceshire, YT H5K4B5",ronald18@example.net,29228.95,185.5,60.2
761,M,Devin Davis,High School,"2839 Deborah Cape
South Chadbury, NL K5K9E2",ebriggs@example.net,48890.74,181.8,104.5
762,F,Yolanda Griffin,Some College,"3963 Rebecca Corner
Lake David, QC G2J8B8",randall57@example.com,42290.86,167.0,100.2
763,F,Brittney Banks,Bachelor's,"757 Kathleen Creek Suite 553
East Billton, NL G4K 2N6",ftaylor@example.com,96475.93,166.7,103.6
764,F,Amber Vasquez,Some College,"76272 Heather Highway
South William, NU X5E5E7",julie90@example.com,45791.17,162.0,64.8
765,M,Peter Anderson,High School,"422 Perkins Burg
North Jeff, MB A8V 7H8",kelleycaroline@example.com,31642.35,180.7,77.5
766,F,Pam Johnson,Some College,"854 Johnson Heights
Vaughnfort, NU T5V 2G8",stacy33@example.org,44895.05,162.8,35.3
767,F,Jenna Cannon,Some College,"9888 Aimee Trail
East Elizabeth, ON P7L 9E9",vwest@example.org,58370.43,160.6,81.9
768,M,Jermaine Dodson,High School,"4919 Michael Circle Apt. 263
East Theresa, NS T7L6X5",cynthiasosa@example.com,36838.79,177.4,72.9
769,F,Rachel Moore,High School,"31754 Carson Club Apt. 276
New Jonstad, QC K4G7X7",elizabeth54@example.net,24525.08,168.2,36.3
770,F,Toni Johnson,Bachelor's,"04217 Anthony Meadow Suite 135
Lake Aaronfurt, NS R2M 1V1",candrade@example.org,102637.26,171.4,97.2
771,F,Judith Griffin,Bachelor's,"1314 Park Ports Apt. 152
Crystalburgh, ON X1V7B5",whitejessica@example.com,65094.59,161.8,69.6
772,F,Stephanie Nelson,High School,"3243 Joshua Heights
Woodsfurt, NL R9N 4J4",xcox@example.com,48109.04,161.7,94.0
773,F,Brooke Freeman,High School,"3535 Alexander Port Suite 681
Ruthberg, NL R5G 2H7",christineobrien@example.org,56097.03,166.8,79.8
774,M,Kevin Evans,Some College,"4757 Frye Junction
Rachelstad, SK L2X1K3",haleyjoseph@example.com,26970.24,169.2,103.7
775,F,Susan Mills,Some College,"21283 Daniel Burgs
Mercadoborough, YT P3C 3P8",baileykimberly@example.net,17569.81,179.5,82.0
776,M,Johnny Jones,Some College,"90038 Adam Mill Apt. 709
North Sarah, NU N8J8T9",xpowell@example.com,82714.49,160.5,89.4
777,F,Candice Green,High School,"56304 Dyer Greens Suite 789
New Brenda, YT S8S9P5",hernandezbrian@example.net,56871.42,182.2,63.3
778,M,Gregory Torres,High School,"82826 Garcia Via
Lake Terriview, NT G9T 5R2",rhatfield@example.net,42608.25,172.1,83.8
779,F,Emily Guerra,Some College,"46949 Leslie Manors
Hayesborough, NB L3J2C5",lewisdavid@example.net,71900.54,164.7,82.5
780,M,Christopher Lamb,High School,"684 Green Passage Apt. 862
Claytonland, MB N5T 8V8",jillsmith@example.org,17933.43,176.7,91.7
781,M,Danny Davis,Master's,"7589 Claudia Stream
Aprilborough, NT H7H 8V8",glennpamela@example.org,100784.53,197.5,62.4
782,F,Jill Hernandez,High School,"9970 Isabella Inlet Suite 031
East Dawnmouth, NB R5N4K1",whitecarla@example.org,17851.0,181.1,42.9
783,F,Dawn Nielsen,High School,"24135 John Terrace
New Scott, NT G1A4T7",victoria64@example.net,69572.69,179.2,53.9
784,M,Jeffrey Flores,Master's,"597 Daniel Orchard
South Thomasport, PE S9P8T2",onealpamela@example.net,46999.02,151.0,58.5
785,F,Stephanie Hall,Some College,"837 Long Passage Suite 291
Allisonside, QC G3V6X2",jasontownsend@example.net,93029.19,184.1,85.6
786,M,Nicholas Johnson,Some College,"98692 Craig Trace Suite 597
Ashleychester, AB J1C 4M8",guywatkins@example.org,56799.84,185.0,91.3
787,M,Gary Carrillo,Some College,"24256 Johnson Throughway Apt. 327
Daniellemouth, NT G1X 3K1",yjohnson@example.com,71608.22,173.0,100.1
788,F,Anita Johnson,Master's,"542 Kyle Orchard Suite 580
Samuelhaven, SK E1C3B1",ubridges@example.net,61938.62,162.2,93.7
789,F,Abigail Lane,Some College,"10118 Wall Isle
Donaldborough, BC R7B5J5",samantha73@example.com,86070.34,167.3,86.5
790,M,Travis Barron,Some College,"72745 Sarah Inlet Suite 958
Port Kimberly, NU R7E2B2",nfowler@example.net,50469.49,164.7,68.5
791,M,Vincent Stewart,No High School,"636 Stone Courts Suite 191
New Jamieport, AB G9A 4G5",christianoliver@example.net,56537.8,167.7,64.9
792,F,Taylor Parker,Some College,"693 Stephanie Centers
East Amanda, NS H9G 6L2",jennifer65@example.net,37253.25,180.8,88.2
793,M,Robert Morse,Bachelor's,"702 Payne Knoll Apt. 255
Williamtown, NT X5V3L1",smoore@example.com,25597.67,164.6,94.4
794,F,Tricia Zhang,PhD,"063 Collins Parkway
West Morgan, NB G3T 3T4",michele72@example.com,38462.23,150.1,61.1
795,M,Cody Rollins,Some College,"3335 Susan Hollow Suite 908
West Benjaminport, QC K8Y1M9",pattersonjacob@example.org,45529.63,161.2,105.4
796,M,Joshua Miller,Some College,"825 Anderson Stream
Timothyburgh, AB M8A 2V8",robert21@example.com,52025.41,176.9,101.9
797,M,David Green,Some College,"26606 Joseph Glens
Lake Stephanieshire, NL B9B7Y8",gentryjesse@example.net,67587.89,156.7,93.1
798,M,William Flores,Bachelor's,"29408 Aaron Lock
New Michael, QC C2E 1J1",karen82@example.net,31975.22,173.9,89.9
799,M,Zachary Cannon,Master's,"67199 Amber Station
Fergusonborough, BC J5V9C6",jennifer94@example.net,35310.12,182.4,102.4
800,M,Kenneth Martin,Some College,"089 Tyler Passage Apt. 573
Port Christopherbury, ON H9J6X4",jamesgarcia@example.com,94455.13,176.0,38.7
801,F,Stacy Baxter,High School,"2743 Marc Summit
North Mariafurt, SK G2P5G6",catherinedean@example.net,52638.74,154.2,92.7
802,M,Travis Patel,High School,"83600 Joshua Loaf Suite 005
Meganshire, NB P4C2L6",ubaker@example.com,69892.74,174.2,88.4
803,M,Gregory Warren,Bachelor's,"894 Patterson Shores Apt. 348
Port Kelly, PE J8P1V2",tiffanygreen@example.org,24413.78,155.7,79.2
804,F,Laura Dunn,Some College,"38412 James Plain
New Adamview, NU S8S 5X3",dennis16@example.org,23130.36,148.2,31.8
805,M,Justin Porter,Some College,"41798 Weber Stream Suite 948
Rebeccaville, NT P8X1K8",brownchelsea@example.org,42500.76,157.2,104.9
806,M,Mr. Thomas Adams MD,PhD,"35744 Michael Highway Apt. 297
East Amychester, NB C1R3P3",manningjames@example.net,49192.73,192.8,82.4
807,M,Martin Casey,Bachelor's,"788 Castillo Corners
Mcphersonfurt, BC M5G9B8",edwardbrooks@example.org,62019.02,171.2,99.3
808,F,Kathleen Sanchez,High School,"3932 Janet Knoll Suite 107
West Davidtown, BC C7X 5A1",myersthomas@example.com,106180.41,153.7,110.2
809,F,Karina Miller,High School,"32108 Sloan Gardens Suite 963
Hodgeston, PE B8C1A9",samantha73@example.net,66096.01,167.5,84.9
810,M,Steven Dodson,Bachelor's,"098 Nicole Port
Lake Kylefort, NB J9E 3K3",jcastaneda@example.net,25665.1,154.6,60.4
811,F,Donna Vincent,Bachelor's,"20419 Joseph Viaduct
Luceroview, SK E4X4E3",leefrank@example.com,77592.2,160.4,101.4
812,F,Amy Martinez,Some College,"4177 Tracy Field
Phillipsfurt, MB X2P9N5",lkennedy@example.org,59569.84,146.6,88.0
813,F,Michelle Day,High School,"94173 Jesse Row Suite 768
Johnberg, NB C6M5E4",fisherian@example.net,51807.94,162.7,60.5
814,F,Casey White,High School,"9146 Paul Ridges Apt. 739
North Jennifer, NB J5K6S5",matthewjames@example.com,43617.03,162.8,96.8
815,M,Bradley Robertson,Master's,"2001 Felicia Brooks Apt. 415
Port Michael, NS H8H1E5",erusso@example.com,179466.71,168.0,80.4
816,M,Tony Mcdaniel,High School,"529 Paul Curve
North Eric, PE X9M9N1",jeffrey26@example.org,33435.71,169.7,102.9
817,M,Vincent Brooks,Bachelor's,"4073 Jessica Stravenue Apt. 273
Kaiserborough, NB Y1M3V6",shawn04@example.com,38274.17,170.2,93.4
818,F,Roberta Maldonado,High School,"86695 Richard Plaza
Brownland, BC M4M4P8",rodneymartinez@example.com,76085.26,178.8,110.6
819,F,Angela Richardson,High School,"97810 Santana Street
Jenniferland, YT M3J3G4",benjaminbaxter@example.com,34856.93,158.4,19.6
820,M,Thomas Nelson,Some College,"05982 Paul Bypass Suite 493
South Cynthia, NT N6X9S2",ucooper@example.net,31078.43,165.9,77.0
821,M,Kevin Huang,High School,"132 Kimberly Key Suite 836
Hallfort, YT M7X9N1",jprice@example.org,72816.66,175.2,93.8
822,M,Robert Coleman,High School,"5355 Frank Ridges
Espinozafort, NT M4J 6C5",jacksonmichael@example.org,46720.92,159.7,112.7
823,M,Jonathan Duarte,PhD,"45554 Johnson Cliffs Suite 270
Port Melissaberg, NS J5J 1X6",xthomas@example.net,35243.11,163.5,58.1
824,F,Sarah Reid,Bachelor's,"54781 Davis Hill
North Kyleside, NU T3S 6A2",kaufmanmark@example.net,24812.42,168.7,58.6
825,F,Christy Cruz,High School,"47266 Webb Course Apt. 518
Adrienneborough, BC P4X5K3",connor82@example.org,40019.07,157.9,87.5
826,F,Elizabeth Gomez,No High School,"6278 Owens Creek Suite 883
Patriciaview, PE A2B 5C1",tinatyler@example.com,43747.96,178.3,63.2
827,F,Donna Hoover,High School,"50353 Jody Well Suite 289
Carrietown, NL E3H5G9",vincentjoshua@example.com,87852.83,174.6,102.2
828,F,Tonya Garner,Some College,"19468 Daniel Islands Suite 438
Nunezchester, NL M8E 3J5",nathanrodriguez@example.net,73126.33,155.2,35.4
829,M,Bryan Durham,Bachelor's,"1283 Dalton Ways
Landryton, NB G4R6X4",dustinschultz@example.net,38209.69,171.2,45.4
830,F,Allison Randolph,No High School,"49804 Patel Extensions
Robertchester, SK S4J4C2",deborah00@example.com,23277.81,167.1,83.6
831,F,Christy Martin,Bachelor's,"05951 Theodore Road
Edwinhaven, NS N9M 7P5",greenrandy@example.net,35502.6,173.7,87.6
832,M,Steve Smith,Some College,"3690 Nicole Mountain Suite 121
Port Jack, NS C4H 6V6",charlescline@example.net,39965.61,178.7,94.9
833,M,Michael Martin,Some College,"29482 Perez Freeway
Kristenborough, NB N5L 6A9",jeffrey49@example.com,143422.25,178.2,83.3
834,F,Cathy Gates,Bachelor's,"598 Nicole Tunnel
Port Timothy, BC T2G 2E5",kevinvalencia@example.net,61205.94,201.3,107.5
835,F,Cathy Payne,High School,"91144 Allen Drive
Kennethfort, NL T5C 8K5",walter18@example.com,49270.22,175.1,79.5
836,F,Christina Wagner,High School,"29172 David Divide Apt. 991
Port Matthew, NS X7C 5Y2",davidjordan@example.net,60797.01,164.0,94.6
837,F,Monica Gonzalez,Master's,"782 Morgan Corners
Joseland, YT H2V2R4",zwilliams@example.org,42825.56,171.8,97.9
838,F,Kimberly Warren PhD,Some College,"07701 Elizabeth Bridge
Traceystad, NT B9J 7B1",johnsonaaron@example.com,56203.72,152.2,89.9
839,M,Dale Schmidt,Master's,"607 West Trail Suite 710
North Charles, BC E9A 8T4",marthapeterson@example.org,62027.47,171.0,67.1
840,M,Michael Garcia,Some College,"047 Ferguson Ferry
East Ashley, AB R1E 8S6",matthew94@example.org,71217.95,175.2,106.8
841,F,Amy Gibson,Some College,"10401 Benjamin Ridge Apt. 852
Port Gloria, MB T3Y 9L5",lvincent@example.org,55016.87,174.8,94.1
842,F,Kimberly Lopez,Master's,"0915 Micheal Lane
East Nicholas, ON M1E 8M8",hmartinez@example.com,62776.56,171.6,109.9
843,F,Lisa Miles,PhD,"27664 Bailey Fields
Martinview, YT J3N2M9",chavezrandy@example.net,111617.54,158.5,104.9
844,M,Jordan Warren,Some College,"085 Dawson Mission Suite 571
New James, BC L4X7R7",noliver@example.net,17117.91,164.4,76.2
845,F,Lisa Robinson,No High School,"271 Hernandez Fields
Courtneybury, YT P5M 3C8",john82@example.org,51206.96,175.8,61.3
846,M,Thomas Jones,No High School,"8306 Hannah Ramp
Heatherberg, SK G2X1T2",harriskenneth@example.org,13959.24,166.8,83.8
847,M,Robert Rojas,High School,"22860 Smith Road
Rowlandmouth, NU R8P6L5",gsanchez@example.org,45029.85,162.4,96.6
848,M,Jeffery Guerrero,Bachelor's,"5849 Kelley Turnpike
Mariaborough, MB B1K 2G3",forddouglas@example.org,71104.44,190.4,96.7
849,F,Jacqueline Zimmerman,Master's,"487 George Summit
North Dianamouth, NU L1E 2C8",jjones@example.org,91322.67,186.7,94.3
850,M,Robert Hill,High School,"43360 Matthew Land Suite 456
Williamstad, NT M4E4M9",pgonzalez@example.org,139211.65,178.8,98.6
851,M,Noah Burke,Some College,"71095 Evans Station Suite 892
Wesleystad, NL R1P 9P2",april58@example.org,30028.64,169.6,89.8
852,F,Sara Boyd,No High School,"845 Thompson Place
Underwoodfurt, YT X9J7A7",jeffrey72@example.org,25607.72,171.0,43.0
853,F,Veronica Martin,No High School,"406 Chad Trace Apt. 464
Port Derekbury, MB G4N5L5",lauraguerra@example.net,44877.78,166.8,92.2
854,M,John Harrison,Some College,"312 Hancock Trail Suite 071
Marcville, NU V4M4S3",riverajames@example.com,48587.67,164.8,91.9
855,F,Natasha Salazar,High School,"0646 Clark Heights Suite 893
North Monicaton, ON Y6M 6G6",chernandez@example.com,31247.97,161.8,73.8
856,M,Kevin Velazquez,Some College,"28717 Cody Prairie Suite 305
New Jenniferton, AB J7J 1K3",donald91@example.net,29170.91,148.8,47.6
857,F,Ashley Torres,High School,"77596 Murphy Prairie
Lake Rachelville, SK E5X 1B4",xwilson@example.org,26322.17,165.8,88.4
858,M,Bryan Warren,High School,"886 Jones Junctions Suite 281
Hoovermouth, NB R1K 1R3",sdavila@example.org,28325.46,182.2,49.7
859,F,Dr. Vickie Le,PhD,"130 Kristin Plain
Jasonshire, QC T5K 8S2",mhoffman@example.com,46617.75,161.0,105.1
860,F,Theresa Rowe,Some College,"523 Strickland Ridges Apt. 459
Morrowburgh, NT S9J 1H2",gordonrodriguez@example.org,18857.85,179.3,101.0
861,F,Jessica Gregory,No High School,"436 Kimberly Cliffs
West Johnstad, NS X8K 8Y8",pricelauren@example.com,62468.79,173.8,76.0
862,M,Shaun Moyer,Bachelor's,"396 Moody Villages
Yatesshire, NS S6H 8P2",danielunderwood@example.net,30573.64,156.5,103.9
863,M,Jason Harris,Some College,"92971 Mckinney Junction
Smithborough, NL B2Y 1X9",brianliu@example.net,40302.03,166.9,70.5
864,F,Paula Fisher,Some College,"340 Scott Garden Suite 176
Huffmanton, BC J5L7Y3",garyhuffman@example.org,43411.96,156.1,76.9
865,M,Daniel Ali,Bachelor's,"9724 Brandt Green
Morganview, QC J2X9S3",cmacdonald@example.com,33716.06,163.7,99.0
866,F,Brittany Soto,Some College,"23102 Melissa Center Suite 851
New Mariomouth, NL N8J 2S4",dwilliams@example.net,32715.02,163.0,63.8
867,F,Chloe Wade,No High School,"159 Christopher Prairie
Finleychester, AB J1X 7H4",heather87@example.com,24185.79,156.1,85.5
868,M,Devin Cruz,PhD,"08621 Carlson Manor
South Briantown, NS N6P 5X1",waynegeorge@example.org,51193.73,170.1,106.8
869,M,Bryan Wright,Bachelor's,"169 Mathew Plains Apt. 426
East Amyville, AB X3E8E2",smartin@example.org,51494.03,187.7,88.3
870,M,Thomas Lewis,High School,"348 Linda Walks
Sherylborough, QC S4B9A3",johngonzalez@example.org,40555.29,168.9,48.1
871,F,Christine Molina,Some College,"536 Tammy Station
Port John, NT S8G4Y2",david02@example.org,68155.67,159.8,88.1
872,F,Sara Lewis,Bachelor's,"21343 Cynthia Trafficway Apt. 298
Taylorbury, NS R4N 6G2",wallacetricia@example.net,45067.43,158.6,106.3
873,F,Donna Johnson,Bachelor's,"57121 Green Drive
Vanessatown, YT C2C9M6",valerie44@example.net,44383.8,171.3,55.2
874,F,Deborah Smith,Bachelor's,"38936 Randy Streets Apt. 358
Hillland, QC V3B 9M7",osalazar@example.org,43900.14,171.9,81.5
875,F,Kimberly Stephens,High School,"23142 Frazier Summit
Patrickstad, MB T2H 2S9",tina52@example.net,78131.08,161.6,98.4
876,M,Randall Yu,Bachelor's,"841 Evans Estates Suite 643
Johnathanshire, YT K3A5V1",shawn42@example.org,44376.06,145.9,106.0
877,F,Nancy Jackson,High School,"7213 Danny Center
Kristinberg, BC X3Y 4V9",vincentnatalie@example.net,83494.38,172.7,90.8
878,M,Anthony Aguilar,High School,"036 Cody Heights
Port Kurt, QC R2V 3E8",ntaylor@example.net,31628.01,161.3,78.6
879,F,Mary Williams,Bachelor's,"8547 Green Crescent Apt. 886
Smithtown, NS V1B 6V8",ohansen@example.org,71895.72,158.1,88.9
880,F,Karen Hines,High School,"08781 Corey Flats Apt. 974
Kimville, NS G4Y8M3",kstafford@example.org,19838.18,165.7,103.8
881,F,Angel White,Some College,"40160 Angela Ridge
Archerfurt, ON C4V 7N5",anthonyhill@example.net,55983.35,182.7,107.7
882,F,Lauren Curtis,No High School,"866 Tina Center
North Megan, QC J3Y8R7",ruben16@example.org,42247.5,166.4,97.5
883,F,Jessica Hatfield,PhD,"459 Ashley Hollow
Blackburnburgh, SK S6G 7N5",carrie55@example.com,51980.98,172.0,103.9
884,M,Charles Burton,High School,"356 Lindsey Summit Suite 605
Port Gary, NS S3T2B7",daniellecruz@example.org,49527.45,164.3,86.8
885,M,Hector Simmons,High School,"488 Jennifer Cliffs Apt. 209
North Chelseamouth, NL N3S9K7",michaelball@example.net,90461.8,155.9,91.8
886,F,Rebecca Lee,No High School,"50040 Edward Gateway
Craigport, NT G8G 7E2",cheryl63@example.net,27735.0,165.3,91.5
887,M,Antonio Castro,Bachelor's,"4296 Jaime Rapid
New Rodney, NB V4J 9E7",markgonzalez@example.com,71382.98,181.0,21.8
888,F,Leslie Baker,PhD,"279 Flores Throughway Suite 021
Lukefort, BC Y8G7V4",watkinsjennifer@example.com,38877.69,174.2,87.0
889,M,Gabriel Green,High School,"6728 Mays Crest
South Kenneth, NU C3L6L1",alicecurry@example.org,53924.58,151.8,101.2
890,M,Richard Hardin,High School,"31680 Laurie Court
Tinaport, BC P2L9N8",bowmanveronica@example.org,28837.59,165.6,88.0
891,M,Daniel Marshall,High School,"3399 Patterson Lights Suite 323
Taylorberg, NS N7B 7T8",christopherruiz@example.com,47137.53,184.2,83.7
892,M,Robert Ellis,Some College,"03753 Alexis Center Suite 695
New Matthewberg, QC P9X1H6",margaretbrown@example.net,102007.02,171.5,95.3
893,F,Angel Bruce,No High School,"296 Brian Lodge
Pollardfurt, QC L5K 1R8",tami82@example.net,89398.41,163.3,81.1
894,M,Marc Morrison,High School,"161 Martin Mission
Laurenfort, NS C8T 1X3",kleingerald@example.org,175228.84,171.0,0.0
895,M,Eric Walker,Some College,"91280 Williams Stravenue
West Linda, PE R3S5B4",bfowler@example.com,55292.38,157.2,72.0
896,F,Colleen Harris,Bachelor's,"997 Billy Course
Houstonstad, SK R3V9Y6",jillwilliams@example.net,28244.27,167.2,110.8
897,M,Juan Mcdaniel,Some College,"202 Laura Lane Apt. 356
Christopherfort, PE C7S 4M2",darius87@example.org,35700.28,172.1,65.5
898,F,Angela Brown,Bachelor's,"494 Christopher Wells
Lake Audreymouth, NU S5H 4E9",ucarr@example.com,23353.59,162.4,86.7
899,F,Melinda Roberts,Some College,"45092 Robin Roads
West Roberto, BC L3E 4B6",crystalreese@example.net,28586.81,174.7,108.7
900,F,Kristina Blackburn,Some College,"9245 Anthony Falls Suite 403
Medinashire, NT Y2M4R8",elizabeth52@example.org,24605.76,158.4,106.2
901,F,Julie Bush,No High School,"0729 Ortiz Extensions Apt. 145
Jasmineville, QC V5N 4H5",osmith@example.com,100460.32,169.8,102.6
902,M,Jeremy Gomez,Bachelor's,"545 Sarah Lock
New Marymouth, AB H9G 3P3",lawrence57@example.org,39160.95,155.3,81.6
903,M,Thomas Hawkins,Some College,"5215 Tran Neck
West Angela, NS K3V1R7",gharper@example.org,20905.6,184.2,95.3
904,M,Grant Green,High School,"661 Brian Shoals Apt. 661
Lake Jessica, NL E6G9G9",rodriguezbobby@example.com,51917.45,173.6,93.5
905,F,Yvonne Keller,Master's,"48245 Wilson Plains
West Dianatown, BC J9R8X2",olsonkelsey@example.com,55036.07,183.7,96.7
906,M,John Dawson,Some College,"31577 Margaret Centers Suite 435
Amberburgh, NB R1T 4A4",wolfematthew@example.net,31657.5,173.0,87.3
907,F,Vickie Riley,Bachelor's,"893 Brown View Apt. 403
Port Allisonmouth, BC S6C3Y2",richardmurray@example.com,51489.49,166.1,78.9
908,M,John Copeland,Some College,"6365 Chad Ports
Port Shannon, NS C5X1Y1",iwise@example.org,36250.58,168.6,67.6
909,F,Teresa Bates,High School,"0322 Hardy Burg
Kurttown, NB M2G7T7",joseph00@example.com,64642.22,160.4,82.1
910,M,Ryan Cunningham,Some College,"132 Catherine Heights
Meganchester, YT E8A6V8",sgriffin@example.net,45579.42,165.6,87.2
911,F,Donna Reese,No High School,"757 Andrew Ridge Apt. 359
Port Trevor, PE J5E 6B2",thomas51@example.com,62436.1,175.3,87.3
912,M,Nicholas Rose PhD,High School,"60696 David Lodge Suite 959
South Ellenville, MB K3H4R4",perrytracy@example.org,38952.4,169.2,102.0
913,M,Elijah Yang,Some College,"4646 Ochoa Isle Apt. 186
North Brittany, SK R9A 9V5",markbrown@example.org,51614.57,170.7,77.5
914,F,Robin Bailey,Some College,"748 Selena Pine
Adrianbury, PE H4C 6X3",christopher11@example.net,25627.36,165.8,91.4
915,M,George Bartlett,High School,"502 Taylor Lock Suite 070
New Lisa, PE E2V3B4",zmcpherson@example.com,41154.77,170.4,110.7
916,F,April Rodriguez,Bachelor's,"5401 Chaney Pike
Barronstad, QC K7T8J8",rosetodd@example.net,19646.08,145.4,100.8
917,F,Joyce Leblanc,High School,"76689 Andrea Trail
Carlosside, NU P7C6B3",tgutierrez@example.net,32486.89,183.9,84.0
918,M,Andrew Le,PhD,"129 Jessica Alley Suite 590
West Andrea, NL A7Y6E3",jared54@example.net,31115.98,173.1,100.7
919,F,Christine Adams,High School,"0945 Elizabeth Parkway
Port Susan, AB R2T 5S7",jasonnorton@example.org,75257.65,175.6,86.0
920,F,Theresa Scott,Some College,"42984 Carolyn Plain Suite 771
Mitchellstad, QC P9M 7E8",morgan68@example.net,18756.56,182.5,110.6
921,F,Kelsey Bush,High School,"89685 Melvin Hollow Suite 712
Hodgemouth, SK N9S7T2",dmaldonado@example.net,25860.58,155.6,99.4
922,M,Larry Byrd,Some College,"21599 Gonzalez Forks Apt. 843
Port Renee, MB G4B 5X8",jeremysutton@example.com,27438.35,194.0,111.1
923,M,Stephen Garcia,Some College,"3231 Norris Junctions Suite 732
Matthewville, NL M9G3C7",morrisdeborah@example.org,66297.38,176.6,90.6
924,M,David Myers Jr.,Bachelor's,"305 Lisa Roads Apt. 227
West Jerry, NT L6B 1V2",andrew60@example.com,39073.77,159.6,87.0
925,M,Stephen Briggs,Bachelor's,"33048 Daniel Expressway Suite 240
Jimport, QC G1G4R7",ynunez@example.org,108726.31,170.4,108.5
926,M,John Brown,Some College,"5686 Miranda Dale
Shannonmouth, MB G8H1G3",stephenwilson@example.net,169319.51,178.6,101.9
927,M,Bruce Hoffman,High School,"6230 Warner Village
Barbarachester, BC S8E5Y7",usmith@example.net,41666.99,189.6,57.0
928,M,Larry Brown,High School,"2586 Cabrera Pass
East Latoya, SK M2V2X4",ylarson@example.com,17173.65,167.9,81.8
929,M,Anthony Gilbert,High School,"348 Jackson Turnpike Apt. 387
Elizabethshire, BC G6H 4K6",sbailey@example.org,37273.99,175.1,106.4
930,F,Jennifer Thompson,Bachelor's,"3953 Green Centers Suite 187
Stephensside, NB M2P 5K9",coopermisty@example.net,39363.59,172.1,60.8
931,F,Kathleen Smith,Bachelor's,"4422 Miller Route
Adamland, NL A4G 2H8",whitesophia@example.org,44728.76,189.6,60.6
932,F,Katrina Hubbard,High School,"127 Johnson Road
New Alyssa, ON J6X 5G2",hamiltonwilliam@example.org,58993.04,166.9,100.3
933,M,Raymond Cunningham,High School,"1367 Jordan Mews Suite 530
Combston, YT B4E2J6",ryan86@example.org,24291.28,165.2,79.2
934,M,Devin Russell,Some College,"373 Denise Corners Suite 385
West Andrewtown, SK Y7T6S4",christinabrown@example.com,80324.46,178.4,90.4
935,F,Lisa Schaefer,High School,"9333 Samantha Way
Whiteheadmouth, NL B5B1P1",gjohnson@example.com,45170.65,177.2,101.1
936,M,Zachary Smith,Bachelor's,"3319 Carroll Locks
Michaelchester, AB T2T6X3",antonio54@example.com,26777.9,179.6,107.5
937,F,Brenda Lee,Bachelor's,"846 Barbara Ways
Phillipshaven, NS J1C 3C2",eileen31@example.org,13657.35,184.3,87.6
938,M,Edward Maxwell,Bachelor's,"8607 Lindsay Glens Suite 323
Lake Rebeccaside, NB Y7L2L4",fdelacruz@example.net,54367.66,162.8,103.0
939,F,Erika Hall,Some College,"21760 William Manors Suite 929
Jessicabury, SK M2G3M1",colinthompson@example.net,38950.94,163.0,86.1
940,F,Elizabeth Young,Bachelor's,"741 Ashley Ridge
Lake John, ON E8P 6R5",jensenjennifer@example.org,34218.0,192.2,111.7
941,F,Destiny Smith,No High School,"1969 Veronica Viaduct Apt. 681
Port Waltershire, NL E1L2L2",christineperry@example.com,23929.03,165.3,95.6
942,F,Emily Romero,High School,"24667 Smith Port
East Debrahaven, SK V9B2K5",wgregory@example.com,58781.21,176.0,93.3
943,F,Pamela Mcmahon,Bachelor's,"5396 Gordon Avenue
North Craig, PE J2S 9N5",afernandez@example.com,47202.09,186.3,71.5
944,F,Julie Parrish,Some College,"4455 Nancy Valley
Charlestown, PE N5H 2X9",markball@example.org,70198.58,170.4,95.0
945,F,Heather Cannon,Master's,"15569 Thompson Mountain
Mendozashire, AB S1J 6R5",david30@example.net,21652.22,179.4,93.1
946,F,Laura Herman,No High School,"2845 Hall Loaf Suite 715
Port Diana, ON G3J1R8",vmccoy@example.org,71172.52,170.7,98.9
947,F,Cynthia Kidd,Master's,"53927 Yang Highway
South Jessica, NB J4B5G3",marcgray@example.net,40029.39,158.0,100.0
948,F,Zoe Russell,Master's,"89840 Foley Gateway Apt. 402
Schneidertown, NS Y6A1S4",chenlinda@example.org,52426.64,176.2,70.9
949,F,Dana Brown,High School,"3524 Smith Row
North Tammy, BC X7R 2G6",waustin@example.net,65997.9,161.5,100.9
950,F,Danielle Young,Bachelor's,"3055 Lopez Square Suite 572
East Kennethfurt, NS E1H 3M7",jennifer71@example.net,43147.9,154.1,102.8
951,M,James Mcdaniel,High School,"1014 Carroll Streets Apt. 002
Ericksonhaven, BC K3C 6B8",regina00@example.net,58652.84,178.1,86.7
952,M,Jackson Kennedy,Bachelor's,"32148 Michael Meadow
North Kyle, ON P1H1C8",qreilly@example.com,55730.8,202.9,69.3
953,F,Angel Johnson,High School,"482 Jerry Ports
North Erikmouth, MB A3N 1A2",vmorris@example.org,34235.03,183.2,101.7
954,F,Ebony Berry,Some College,"4988 Monica Lodge Apt. 387
Tiffanyfurt, MB R7J1E2",stacy33@example.org,42431.92,156.6,74.1
955,F,Sherry King,Bachelor's,"359 Gloria Land Suite 673
Brownton, NU N2B 7G6",ssmith@example.net,31474.17,168.6,86.0
956,M,Benjamin Meyers,Some College,"1401 George Burg Suite 552
Port Nancyland, MB S2E 5H8",qbartlett@example.org,37914.37,162.2,101.6
957,F,Brittany Hopkins,Master's,"2331 Jim Mountain
East Heather, AB A2S9H5",gentrykelly@example.net,47491.25,175.1,91.6
958,M,Aaron Duncan,Bachelor's,"283 Thomas Lakes Suite 767
Port Robin, QC C3S7H8",thomasjill@example.net,54937.74,160.2,112.3
959,F,Erin Hernandez,PhD,"9552 Barbara Path Apt. 696
New Adrian, NL K6P3B3",angela02@example.net,55892.83,152.8,106.1
960,F,Sharon Lara,Some College,"31037 Allison Centers Suite 000
Brendabury, SK X6A5R6",vbuchanan@example.net,38712.57,158.3,91.7
961,F,Lauren Pham,Bachelor's,"8188 Shaffer Well Suite 886
Thomastown, MB P4E 2G5",tiffany01@example.com,95319.97,165.7,102.2
962,M,Dennis Castillo,Some College,"821 Jennifer Oval Apt. 816
New Saraport, NS K6H 1E6",millselizabeth@example.com,46632.29,155.6,79.5
963,M,Malik Gonzales,Bachelor's,"87499 Alan Gardens Apt. 672
Port Rachelshire, QC C4T 2K3",deanna96@example.org,43085.37,166.4,76.2
964,F,Laura Jackson,High School,"78928 Nicholas Locks
Lake Paulville, AB P9S 2R3",evelyn15@example.org,44949.15,162.2,103.5
965,F,Breanna Nicholson,High School,"67607 Lindsay Crossroad
Bethanyview, MB V7B 4G1",leonardstephen@example.org,30289.04,185.8,81.0
966,M,Dr. Jonathan Anderson,Bachelor's,"409 Bass Brooks
Bradleymouth, NT V7R4V9",urodriguez@example.org,53039.45,160.7,77.6
967,M,Marc Mckenzie,Some College,"528 Lopez Village
West Robert, SK T6J5G4",michelle80@example.net,104721.78,163.6,96.2
968,M,Philip Miller,High School,"26979 Torres Park
South Nicoleton, MB C6A 6G9",gmccormick@example.net,74892.76,163.9,92.9
969,F,Erin Mosley,Bachelor's,"23214 Smith Stravenue Suite 102
West Marissatown, ON B1P 4S1",chadwilson@example.com,28034.37,172.1,87.7
970,F,Alicia Castillo,Bachelor's,"012 Matthew Rest
Nathanburgh, ON R9N5X3",plewis@example.net,95347.24,167.0,71.6
971,M,Reginald Oliver,PhD,"4588 Mark Forest
Padillaville, QC H1J6B3",sandersvanessa@example.net,23018.9,162.7,68.1
972,F,Lisa Reyes,Master's,"071 Chavez Island Suite 694
Jonesville, BC J5E1E7",llopez@example.org,33154.7,168.6,90.0
973,M,Steve Williams,Some College,"699 Collins Keys
Lake Walter, YT Y8C7M2",allenchristopher@example.net,101440.53,177.6,100.3
974,M,Austin Adkins,Some College,"399 Thomas Underpass
Lake Matthewville, AB X3V8Y3",sandra42@example.com,111546.54,157.9,76.1
975,M,Darrell Smith,High School,"777 Robertson Pine Apt. 583
North Barbara, NS J6T 5S7",sean98@example.com,89153.83,157.1,96.6
976,M,Terry Roberts,Some College,"89219 April Lane
North Francesberg, BC H7P5R6",cindygillespie@example.net,31954.91,158.5,72.3
977,M,Michael Greene,Some College,"35919 Davis Prairie
West Larry, NB M7H9J2",jmckinney@example.net,42470.67,160.1,19.9
978,M,Paul Taylor,High School,"35903 Tina Terrace
East Ray, NL J4P4A5",pvasquez@example.net,15396.46,170.5,78.0
979,M,Eric Sanchez,High School,"98485 Christina Road Suite 994
Emilyshire, NB R9N5R2",wendy75@example.org,72064.92,177.8,93.0
980,M,Alex Bradley,High School,"7884 Jessica Keys Apt. 388
Christensenbury, NS A9A1X4",cmitchell@example.org,24609.65,175.8,46.0
981,F,Alexis Thomas PhD,Bachelor's,"486 Shannon Stream
Changfurt, NS N4P 6V4",lindamorgan@example.com,68365.19,164.1,96.9
982,M,Paul Wheeler,High School,"836 Susan Land
North Caitlin, NT G8R 2T5",chengary@example.org,23073.88,165.2,111.4
983,F,Christine Soto,Master's,"02753 Ellis Mill Suite 447
Andrewmouth, PE S1P9R5",stephanie43@example.org,15732.89,164.6,67.8
984,F,Tiffany Madden,Bachelor's,"209 Jennings Expressway Apt. 675
Micheleland, NL M1N7H8",jonathancardenas@example.com,49191.53,161.4,102.6
985,F,Kathryn Munoz,Bachelor's,"200 Roberts Views
Teresaview, ON G4P7S6",john56@example.net,133093.34,160.6,84.6
986,M,Dr. Edward Mccormick PhD,No High School,"68488 Phillip Trail Apt. 541
Reedland, BC S5C8E1",coxjean@example.org,44909.23,194.6,101.5
987,M,Ralph Dunn,Bachelor's,"68722 Shannon Cape
Leahburgh, QC A7X2H5",gmurray@example.org,71613.53,170.2,111.5
988,F,Sarah Jackson,PhD,"30912 Anne Radial
Greenmouth, SK H2T3N1",wdunn@example.net,61425.4,163.3,82.7
989,F,Brittany Gonzalez,Bachelor's,"34285 Ian Unions Apt. 601
North Darlenehaven, MB B7V 2V7",dawn47@example.com,37147.13,161.6,49.2
990,M,Nicholas Manning,High School,"37939 Blair Center Apt. 050
Lake Jason, NS K1A 6R1",gonzalezjennifer@example.net,25012.59,166.2,71.7
991,M,Zachary Eaton,Some College,"279 Brown Pine
Dorseymouth, YT S5H1S7",mgreene@example.net,76123.01,163.9,104.1
992,M,John Sanders,High School,"4297 Jay Mountain
North Caitlinshire, PE T2R 6A1",martinchristy@example.org,34621.36,168.3,106.2
993,F,Jaime Mcdonald,Bachelor's,"5700 Jennifer Drives
Cochranstad, BC Y8R5A6",petergreen@example.org,35384.68,177.6,99.5
994,M,Ronald Holmes,Some College,"61245 Grant Way Apt. 396
Stevefort, NL B5B4T1",richard52@example.com,73791.42,191.5,98.9
995,F,Jennifer Byrd,Bachelor's,"7731 Webb Locks
Colleenborough, NL M4S 9J3",marcushawkins@example.com,44976.52,161.1,97.1
996,F,Bonnie Pierce,High School,"6963 Justin Mews
Meaganfort, MB T9M9M2",charles41@example.org,30283.32,165.8,101.4
997,M,Troy Johnson,High School,"72544 Lane Fort
Amandastad, NU S4C 7S2",princedennis@example.net,100580.47,165.0,24.4
998,F,Kathleen Lane,Some College,"631 Berg Row Suite 639
South Michaeltown, AB N6E 1M2",uphelps@example.com,15095.22,150.8,92.8
999,M,Javier Garcia,Some College,"56604 Kenneth Rapids
East Cathyview, NT R2P4G8",rchase@example.org,33553.77,180.6,85.3
1000,F,Jennifer Goodman,Bachelor's,"45926 Warner Plain
Port Francesstad, PE R4S6Y1",jasonsmith@example.com,46492.23,166.8,63.9
